-- phpMyAdmin SQL Dump
-- version 5.1.1deb5ubuntu1
-- https://www.phpmyadmin.net/
--
-- Host: localhost:3306
-- Generation Time: Jun 16, 2024 at 09:08 PM
-- Server version: 8.0.37-0ubuntu0.22.04.3
-- PHP Version: 8.2.20

SET SQL_MODE = "NO_AUTO_VALUE_ON_ZERO";
START TRANSACTION;
SET time_zone = "+00:00";


/*!40101 SET @OLD_CHARACTER_SET_CLIENT=@@CHARACTER_SET_CLIENT */;
/*!40101 SET @OLD_CHARACTER_SET_RESULTS=@@CHARACTER_SET_RESULTS */;
/*!40101 SET @OLD_COLLATION_CONNECTION=@@COLLATION_CONNECTION */;
/*!40101 SET NAMES utf8mb4 */;

--
-- Database: `students`
--

-- --------------------------------------------------------

--
-- Table structure for table `courses`
--

CREATE TABLE `courses` (
  `id` bigint UNSIGNED NOT NULL,
  `name` varchar(100) COLLATE utf8mb4_unicode_ci NOT NULL,
  `code` varchar(20) COLLATE utf8mb4_unicode_ci NOT NULL,
  `description` text COLLATE utf8mb4_unicode_ci,
  `created_at` timestamp NULL DEFAULT NULL,
  `updated_at` timestamp NULL DEFAULT NULL
) ENGINE=InnoDB DEFAULT CHARSET=utf8mb4 COLLATE=utf8mb4_unicode_ci;

--
-- Dumping data for table `courses`
--

INSERT INTO `courses` (`id`, `name`, `code`, `description`, `created_at`, `updated_at`) VALUES
(1, 'Prof. Lottie Ondricka III', '90079894', 'Est sunt quisquam mollitia. Porro fugiat quaerat fugiat et. Et et sequi consequuntur mollitia dolores eveniet iure.', '2024-06-16 17:20:52', '2024-06-16 17:20:52'),
(2, 'Moriah Kassulke', '31435499', 'Velit sed quia numquam blanditiis nam dolores. In expedita odit harum nisi rerum. Enim ex eveniet voluptatem placeat asperiores aliquid voluptatem. Sed sunt aspernatur est sit.', '2024-06-16 17:20:52', '2024-06-16 17:20:52'),
(3, 'Jules Larkin I', '03925850', 'Eum magni laboriosam aliquam consequatur omnis. Aliquid sunt sit fuga a sequi. Quia quos similique sit doloremque sit eveniet nihil optio. Est ad expedita nisi ratione pariatur qui id.', '2024-06-16 17:20:52', '2024-06-16 17:20:52'),
(4, 'Greg Considine', '96748374', 'Cum dignissimos et blanditiis. Ducimus et illo aut quod omnis. Laudantium natus quaerat dolorem deleniti.', '2024-06-16 17:20:52', '2024-06-16 17:20:52'),
(5, 'Raina Dooley', '13647391', 'Nulla quidem illum aperiam rem et autem velit. Itaque rem sed voluptatem cum aperiam.', '2024-06-16 17:20:52', '2024-06-16 17:20:52'),
(6, 'Dr. Israel Hill PhD', '07112713', 'Perferendis nulla occaecati magnam repudiandae totam dolores unde. Amet quos ipsa debitis cum et. Nam dolorem rem a sunt molestias unde minima.', '2024-06-16 17:20:52', '2024-06-16 17:20:52'),
(7, 'Mr. Cornell Thompson', '07048524', 'Ducimus placeat quisquam quo aut aut. Aliquid itaque natus voluptatem. Voluptates expedita voluptatem omnis iure rem debitis.', '2024-06-16 17:20:52', '2024-06-16 17:20:52'),
(8, 'Prof. Ruthie Runte I', '67573967', 'Non asperiores et asperiores consectetur qui sit. Quaerat unde harum quis. Perspiciatis accusamus quo et enim dolorem ut inventore.', '2024-06-16 17:20:52', '2024-06-16 17:20:52'),
(9, 'Mr. Freeman Reichert', '04879527', 'Sequi vel laborum libero voluptates ab. Rerum sit ex optio rem aut voluptate. Voluptas est amet nulla consequatur rerum. Quia quia dolor fugiat eos illum.', '2024-06-16 17:20:52', '2024-06-16 17:20:52'),
(10, 'Prof. Vince Kessler Sr.', '35177944', 'Optio veritatis distinctio eos nesciunt quam eius repudiandae. Qui culpa modi a consequatur. Sed officiis commodi enim reprehenderit minima et.', '2024-06-16 17:20:52', '2024-06-16 17:20:52'),
(11, 'Lela O\'Reilly', '04508342', 'Architecto voluptatem commodi corporis debitis ipsa expedita. Sint architecto tenetur dolor sed ea nam voluptatum. Occaecati fuga consequatur placeat mollitia blanditiis ut sapiente.', '2024-06-16 17:20:52', '2024-06-16 17:20:52'),
(12, 'Prof. Josie Gulgowski III', '63450736', 'Doloribus fuga quia omnis. Labore voluptates quae illo ab est at est repellat. Eius at eum corrupti ipsam sint.', '2024-06-16 17:20:52', '2024-06-16 17:20:52'),
(13, 'Berniece Kirlin', '83220203', 'Eos sunt aut et officia quia. Rerum nisi autem est. Deleniti dolore aut voluptatum harum veniam. Illo reiciendis tempora sit voluptatibus.', '2024-06-16 17:20:52', '2024-06-16 17:20:52'),
(14, 'April Marvin', '50320462', 'Doloribus non voluptatem dicta expedita officiis. Molestias eum molestiae et fugit quibusdam dolor. Rem beatae quos sit velit laborum dolor excepturi. Vel necessitatibus quis sed omnis.', '2024-06-16 17:20:52', '2024-06-16 17:20:52'),
(15, 'Michel Ullrich', '05143405', 'At totam unde ea est accusantium quia cumque. Doloribus accusamus praesentium eligendi molestias assumenda. Dolores ut sed exercitationem et dolorem. Nostrum illo eos necessitatibus accusamus porro.', '2024-06-16 17:20:52', '2024-06-16 17:20:52'),
(16, 'Prof. John Renner', '07543296', 'Sunt nesciunt id provident nihil dolorum reiciendis repellendus beatae. Suscipit officia omnis distinctio est. Quo consequatur officiis vel. Optio aut ipsam itaque.', '2024-06-16 17:20:52', '2024-06-16 17:20:52'),
(17, 'Prof. Judah Roob Sr.', '77333179', 'Libero esse minus est cum. Incidunt et blanditiis doloremque eveniet sed. Velit quisquam et delectus quia sit eveniet voluptatibus porro. Nihil dolorem qui sed dolores maiores maxime.', '2024-06-16 17:20:52', '2024-06-16 17:20:52'),
(18, 'Mrs. Jeanie Gorczany MD', '27281895', 'Accusamus quos aut consectetur unde. Eaque neque doloribus laudantium eligendi doloribus et minima. Eos molestias quis et. Atque quos temporibus molestiae.', '2024-06-16 17:20:52', '2024-06-16 17:20:52'),
(19, 'Marcelle Miller II', '91976840', 'Voluptates ad saepe dolor provident aliquam dicta omnis. Quo dolor voluptate quis quidem voluptates rerum vero porro. Ut odio veniam et perspiciatis.', '2024-06-16 17:20:52', '2024-06-16 17:20:52'),
(20, 'Oleta Hettinger', '48954730', 'Consequuntur incidunt neque quia voluptatum architecto. Veritatis esse perspiciatis consequatur deleniti quam non. Placeat iure aliquid esse numquam fugiat consectetur commodi.', '2024-06-16 17:20:52', '2024-06-16 17:20:52'),
(21, 'Dr. Elta Rowe V', '11752967', 'Id iusto ut facilis quaerat quos facere. Sed ducimus quia sit est debitis. Hic amet magnam earum culpa officia nihil.', '2024-06-16 17:20:52', '2024-06-16 17:20:52'),
(22, 'Edyth Heller', '41604397', 'Quidem at quia animi quo dolorem. Aut saepe ut commodi quo. Voluptatem sunt sint hic veniam et.', '2024-06-16 17:20:52', '2024-06-16 17:20:52'),
(23, 'Trystan Bauch', '12628193', 'Quos sed eos voluptatem consectetur. Ducimus omnis nostrum ut rerum consequatur enim.', '2024-06-16 17:20:52', '2024-06-16 17:20:52'),
(24, 'Ignacio Marks Sr.', '20056285', 'Fugiat ut nesciunt beatae. Facere voluptatem nemo ab voluptatibus. Consequuntur adipisci ipsa asperiores doloremque sed. Incidunt dicta laboriosam est saepe.', '2024-06-16 17:20:52', '2024-06-16 17:20:52'),
(25, 'Maritza Brown', '08072092', 'Distinctio in laudantium accusamus fuga. Consequatur ut itaque consequatur molestias hic fugit rerum. Sint pariatur eos labore.', '2024-06-16 17:20:52', '2024-06-16 17:20:52'),
(26, 'Prof. Stuart Hudson I', '76397325', 'Labore distinctio repellat maiores accusamus dolorum accusantium. Qui dicta sit necessitatibus. Quia unde et ut corrupti a. Tenetur dolorem et qui eos quo.', '2024-06-16 17:20:52', '2024-06-16 17:20:52'),
(27, 'Karl Paucek', '05938155', 'Rem id fuga sint deserunt. Deserunt laborum repellat modi aut. Quos adipisci perspiciatis sunt et provident aliquam.', '2024-06-16 17:20:52', '2024-06-16 17:20:52'),
(28, 'Dorcas Predovic', '58085745', 'Eum perspiciatis sint quo fuga reprehenderit. Magni et ea minima quos voluptatum. Deleniti minima vero dignissimos et laboriosam necessitatibus et. Quaerat expedita aperiam inventore sit impedit et.', '2024-06-16 17:20:52', '2024-06-16 17:20:52'),
(29, 'Dr. Devante Walker', '76244094', 'Aut qui nesciunt laudantium aperiam. Sit et fugit voluptatem. Aliquam aliquam ipsam aut animi id qui sit. Sit voluptas deleniti facilis dolorum rerum.', '2024-06-16 17:20:52', '2024-06-16 17:20:52'),
(30, 'Sammy Harvey', '81581092', 'Qui quidem sint commodi iste similique impedit nihil. Sunt ducimus et facere aspernatur non dolorem eum. Et saepe et odit. Necessitatibus totam laborum modi.', '2024-06-16 17:20:52', '2024-06-16 17:20:52');

-- --------------------------------------------------------

--
-- Table structure for table `enrollments`
--

CREATE TABLE `enrollments` (
  `id` bigint UNSIGNED NOT NULL,
  `student_id` bigint UNSIGNED NOT NULL,
  `course_id` bigint UNSIGNED NOT NULL,
  `created_at` timestamp NULL DEFAULT NULL,
  `updated_at` timestamp NULL DEFAULT NULL
) ENGINE=InnoDB DEFAULT CHARSET=utf8mb4 COLLATE=utf8mb4_unicode_ci;

--
-- Dumping data for table `enrollments`
--

INSERT INTO `enrollments` (`id`, `student_id`, `course_id`, `created_at`, `updated_at`) VALUES
(1, 10, 1, NULL, NULL),
(2, 11, 1, NULL, NULL),
(3, 13, 1, NULL, NULL),
(4, 17, 1, NULL, NULL),
(5, 24, 1, NULL, NULL),
(6, 25, 1, NULL, NULL),
(7, 26, 1, NULL, NULL),
(8, 33, 1, NULL, NULL),
(9, 1, 2, NULL, NULL),
(10, 6, 2, NULL, NULL),
(11, 8, 2, NULL, NULL),
(12, 16, 2, NULL, NULL),
(13, 22, 2, NULL, NULL),
(14, 23, 2, NULL, NULL),
(15, 25, 2, NULL, NULL),
(16, 28, 2, NULL, NULL),
(17, 8, 3, NULL, NULL),
(18, 9, 3, NULL, NULL),
(19, 13, 3, NULL, NULL),
(20, 17, 3, NULL, NULL),
(21, 18, 3, NULL, NULL),
(22, 22, 3, NULL, NULL),
(23, 34, 3, NULL, NULL),
(24, 37, 3, NULL, NULL),
(25, 3, 4, NULL, NULL),
(26, 9, 4, NULL, NULL),
(27, 12, 4, NULL, NULL),
(28, 18, 4, NULL, NULL),
(29, 21, 4, NULL, NULL),
(30, 30, 4, NULL, NULL),
(31, 31, 4, NULL, NULL),
(32, 38, 4, NULL, NULL),
(33, 1, 5, NULL, NULL),
(34, 6, 5, NULL, NULL),
(35, 17, 5, NULL, NULL),
(36, 18, 5, NULL, NULL),
(37, 20, 5, NULL, NULL),
(38, 21, 5, NULL, NULL),
(39, 39, 5, NULL, NULL),
(40, 40, 5, NULL, NULL),
(41, 1, 6, NULL, NULL),
(42, 4, 6, NULL, NULL),
(43, 11, 6, NULL, NULL),
(44, 16, 6, NULL, NULL),
(45, 34, 6, NULL, NULL),
(46, 35, 6, NULL, NULL),
(47, 38, 6, NULL, NULL),
(48, 40, 6, NULL, NULL),
(49, 3, 7, NULL, NULL),
(50, 7, 7, NULL, NULL),
(51, 13, 7, NULL, NULL),
(52, 15, 7, NULL, NULL),
(53, 17, 7, NULL, NULL),
(54, 20, 7, NULL, NULL),
(55, 28, 7, NULL, NULL),
(56, 36, 7, NULL, NULL),
(57, 10, 8, NULL, NULL),
(58, 13, 8, NULL, NULL),
(59, 16, 8, NULL, NULL),
(60, 22, 8, NULL, NULL),
(61, 23, 8, NULL, NULL),
(62, 24, 8, NULL, NULL),
(63, 26, 8, NULL, NULL),
(64, 39, 8, NULL, NULL),
(65, 7, 9, NULL, NULL),
(66, 11, 9, NULL, NULL),
(67, 13, 9, NULL, NULL),
(68, 18, 9, NULL, NULL),
(69, 22, 9, NULL, NULL),
(70, 29, 9, NULL, NULL),
(71, 35, 9, NULL, NULL),
(72, 37, 9, NULL, NULL),
(73, 3, 10, NULL, NULL),
(74, 4, 10, NULL, NULL),
(75, 11, 10, NULL, NULL),
(76, 20, 10, NULL, NULL),
(77, 22, 10, NULL, NULL),
(78, 25, 10, NULL, NULL),
(79, 30, 10, NULL, NULL),
(80, 36, 10, NULL, NULL),
(81, 10, 11, NULL, NULL),
(82, 11, 11, NULL, NULL),
(83, 20, 11, NULL, NULL),
(84, 22, 11, NULL, NULL),
(85, 27, 11, NULL, NULL),
(86, 29, 11, NULL, NULL),
(87, 33, 11, NULL, NULL),
(88, 39, 11, NULL, NULL),
(89, 11, 12, NULL, NULL),
(90, 25, 12, NULL, NULL),
(91, 26, 12, NULL, NULL),
(92, 29, 12, NULL, NULL),
(93, 30, 12, NULL, NULL),
(94, 32, 12, NULL, NULL),
(95, 37, 12, NULL, NULL),
(96, 38, 12, NULL, NULL),
(97, 3, 13, NULL, NULL),
(98, 4, 13, NULL, NULL),
(99, 12, 13, NULL, NULL),
(100, 29, 13, NULL, NULL),
(101, 32, 13, NULL, NULL),
(102, 34, 13, NULL, NULL),
(103, 38, 13, NULL, NULL),
(104, 40, 13, NULL, NULL),
(105, 4, 14, NULL, NULL),
(106, 5, 14, NULL, NULL),
(107, 9, 14, NULL, NULL),
(108, 10, 14, NULL, NULL),
(109, 26, 14, NULL, NULL),
(110, 28, 14, NULL, NULL),
(111, 35, 14, NULL, NULL),
(112, 37, 14, NULL, NULL),
(113, 2, 15, NULL, NULL),
(114, 6, 15, NULL, NULL),
(115, 17, 15, NULL, NULL),
(116, 18, 15, NULL, NULL),
(117, 22, 15, NULL, NULL),
(118, 24, 15, NULL, NULL),
(119, 33, 15, NULL, NULL),
(120, 36, 15, NULL, NULL),
(121, 1, 16, NULL, NULL),
(122, 5, 16, NULL, NULL),
(123, 9, 16, NULL, NULL),
(124, 16, 16, NULL, NULL),
(125, 19, 16, NULL, NULL),
(126, 20, 16, NULL, NULL),
(127, 32, 16, NULL, NULL),
(128, 37, 16, NULL, NULL),
(129, 6, 17, NULL, NULL),
(130, 9, 17, NULL, NULL),
(131, 12, 17, NULL, NULL),
(132, 14, 17, NULL, NULL),
(133, 18, 17, NULL, NULL),
(134, 20, 17, NULL, NULL),
(135, 32, 17, NULL, NULL),
(136, 37, 17, NULL, NULL),
(137, 5, 18, NULL, NULL),
(138, 7, 18, NULL, NULL),
(139, 10, 18, NULL, NULL),
(140, 11, 18, NULL, NULL),
(141, 21, 18, NULL, NULL),
(142, 23, 18, NULL, NULL),
(143, 27, 18, NULL, NULL),
(144, 35, 18, NULL, NULL),
(145, 1, 19, NULL, NULL),
(146, 8, 19, NULL, NULL),
(147, 24, 19, NULL, NULL),
(148, 25, 19, NULL, NULL),
(149, 27, 19, NULL, NULL),
(150, 29, 19, NULL, NULL),
(151, 34, 19, NULL, NULL),
(152, 40, 19, NULL, NULL),
(153, 1, 20, NULL, NULL),
(154, 2, 20, NULL, NULL),
(155, 7, 20, NULL, NULL),
(156, 10, 20, NULL, NULL),
(157, 17, 20, NULL, NULL),
(158, 23, 20, NULL, NULL),
(159, 34, 20, NULL, NULL),
(160, 36, 20, NULL, NULL),
(161, 2, 21, NULL, NULL),
(162, 3, 21, NULL, NULL),
(163, 8, 21, NULL, NULL),
(164, 14, 21, NULL, NULL),
(165, 21, 21, NULL, NULL),
(166, 24, 21, NULL, NULL),
(167, 25, 21, NULL, NULL),
(168, 26, 21, NULL, NULL),
(169, 4, 22, NULL, NULL),
(170, 9, 22, NULL, NULL),
(171, 17, 22, NULL, NULL),
(172, 19, 22, NULL, NULL),
(173, 21, 22, NULL, NULL),
(174, 24, 22, NULL, NULL),
(175, 34, 22, NULL, NULL),
(176, 35, 22, NULL, NULL),
(177, 1, 23, NULL, NULL),
(178, 12, 23, NULL, NULL),
(179, 26, 23, NULL, NULL),
(180, 28, 23, NULL, NULL),
(181, 31, 23, NULL, NULL),
(182, 33, 23, NULL, NULL),
(183, 36, 23, NULL, NULL),
(184, 40, 23, NULL, NULL),
(185, 3, 24, NULL, NULL),
(186, 14, 24, NULL, NULL),
(187, 17, 24, NULL, NULL),
(188, 19, 24, NULL, NULL),
(189, 23, 24, NULL, NULL),
(190, 27, 24, NULL, NULL),
(191, 35, 24, NULL, NULL),
(192, 37, 24, NULL, NULL),
(193, 9, 25, NULL, NULL),
(194, 13, 25, NULL, NULL),
(195, 14, 25, NULL, NULL),
(196, 21, 25, NULL, NULL),
(197, 23, 25, NULL, NULL),
(198, 31, 25, NULL, NULL),
(199, 33, 25, NULL, NULL),
(200, 34, 25, NULL, NULL),
(201, 2, 26, NULL, NULL),
(202, 7, 26, NULL, NULL),
(203, 21, 26, NULL, NULL),
(204, 25, 26, NULL, NULL),
(205, 26, 26, NULL, NULL),
(206, 27, 26, NULL, NULL),
(207, 30, 26, NULL, NULL),
(208, 32, 26, NULL, NULL),
(209, 3, 27, NULL, NULL),
(210, 7, 27, NULL, NULL),
(211, 9, 27, NULL, NULL),
(212, 10, 27, NULL, NULL),
(213, 21, 27, NULL, NULL),
(214, 23, 27, NULL, NULL),
(215, 27, 27, NULL, NULL),
(216, 34, 27, NULL, NULL),
(217, 3, 28, NULL, NULL),
(218, 10, 28, NULL, NULL),
(219, 19, 28, NULL, NULL),
(220, 20, 28, NULL, NULL),
(221, 34, 28, NULL, NULL),
(222, 36, 28, NULL, NULL),
(223, 37, 28, NULL, NULL),
(224, 40, 28, NULL, NULL),
(225, 9, 29, NULL, NULL),
(226, 14, 29, NULL, NULL),
(227, 17, 29, NULL, NULL),
(228, 23, 29, NULL, NULL),
(229, 25, 29, NULL, NULL),
(230, 28, 29, NULL, NULL),
(231, 30, 29, NULL, NULL),
(232, 40, 29, NULL, NULL),
(233, 1, 30, NULL, NULL),
(234, 2, 30, NULL, NULL),
(235, 5, 30, NULL, NULL),
(236, 14, 30, NULL, NULL),
(237, 15, 30, NULL, NULL),
(238, 23, 30, NULL, NULL),
(239, 25, 30, NULL, NULL),
(240, 28, 30, NULL, NULL);

-- --------------------------------------------------------

--
-- Table structure for table `failed_jobs`
--

CREATE TABLE `failed_jobs` (
  `id` bigint UNSIGNED NOT NULL,
  `uuid` varchar(255) COLLATE utf8mb4_unicode_ci NOT NULL,
  `connection` text COLLATE utf8mb4_unicode_ci NOT NULL,
  `queue` text COLLATE utf8mb4_unicode_ci NOT NULL,
  `payload` longtext COLLATE utf8mb4_unicode_ci NOT NULL,
  `exception` longtext COLLATE utf8mb4_unicode_ci NOT NULL,
  `failed_at` timestamp NOT NULL DEFAULT CURRENT_TIMESTAMP
) ENGINE=InnoDB DEFAULT CHARSET=utf8mb4 COLLATE=utf8mb4_unicode_ci;

-- --------------------------------------------------------

--
-- Table structure for table `grades`
--

CREATE TABLE `grades` (
  `id` bigint UNSIGNED NOT NULL,
  `enrollment_id` bigint UNSIGNED NOT NULL,
  `grade_item_id` bigint UNSIGNED NOT NULL,
  `grade` int NOT NULL,
  `created_at` timestamp NULL DEFAULT NULL,
  `updated_at` timestamp NULL DEFAULT NULL
) ENGINE=InnoDB DEFAULT CHARSET=utf8mb4 COLLATE=utf8mb4_unicode_ci;

--
-- Dumping data for table `grades`
--

INSERT INTO `grades` (`id`, `enrollment_id`, `grade_item_id`, `grade`, `created_at`, `updated_at`) VALUES
(1, 1, 3, 24, '2024-06-16 17:20:52', '2024-06-16 17:20:52'),
(2, 1, 2, 10, '2024-06-16 17:20:52', '2024-06-16 17:20:52'),
(3, 1, 1, 9, '2024-06-16 17:20:52', '2024-06-16 17:20:52'),
(4, 1, 4, 41, '2024-06-16 17:20:52', '2024-06-16 17:20:52'),
(5, 2, 3, 4, '2024-06-16 17:20:52', '2024-06-16 17:20:52'),
(6, 2, 2, 13, '2024-06-16 17:20:52', '2024-06-16 17:20:52'),
(7, 2, 1, 21, '2024-06-16 17:20:52', '2024-06-16 17:20:52'),
(8, 2, 4, 34, '2024-06-16 17:20:52', '2024-06-16 17:20:52'),
(9, 3, 3, 43, '2024-06-16 17:20:52', '2024-06-16 17:20:52'),
(10, 3, 2, 16, '2024-06-16 17:20:52', '2024-06-16 17:20:52'),
(11, 3, 1, 34, '2024-06-16 17:20:52', '2024-06-16 17:20:52'),
(12, 3, 4, 6, '2024-06-16 17:20:52', '2024-06-16 17:20:52'),
(13, 4, 3, 0, '2024-06-16 17:20:52', '2024-06-16 17:20:52'),
(14, 4, 2, 0, '2024-06-16 17:20:52', '2024-06-16 17:20:52'),
(15, 4, 1, 20, '2024-06-16 17:20:52', '2024-06-16 17:20:52'),
(16, 4, 4, 62, '2024-06-16 17:20:52', '2024-06-16 17:20:52'),
(17, 5, 3, 14, '2024-06-16 17:20:52', '2024-06-16 17:20:52'),
(18, 5, 2, 11, '2024-06-16 17:20:52', '2024-06-16 17:20:52'),
(19, 5, 1, 22, '2024-06-16 17:20:52', '2024-06-16 17:20:52'),
(20, 5, 4, 24, '2024-06-16 17:20:52', '2024-06-16 17:20:52'),
(21, 6, 3, 4, '2024-06-16 17:20:52', '2024-06-16 17:20:52'),
(22, 6, 2, 14, '2024-06-16 17:20:52', '2024-06-16 17:20:52'),
(23, 6, 1, 37, '2024-06-16 17:20:52', '2024-06-16 17:20:52'),
(24, 6, 4, 48, '2024-06-16 17:20:52', '2024-06-16 17:20:52'),
(25, 7, 3, 45, '2024-06-16 17:20:52', '2024-06-16 17:20:52'),
(26, 7, 2, 15, '2024-06-16 17:20:52', '2024-06-16 17:20:52'),
(27, 7, 1, 23, '2024-06-16 17:20:52', '2024-06-16 17:20:52'),
(28, 7, 4, 37, '2024-06-16 17:20:52', '2024-06-16 17:20:52'),
(29, 8, 3, 27, '2024-06-16 17:20:52', '2024-06-16 17:20:52'),
(30, 8, 2, 2, '2024-06-16 17:20:52', '2024-06-16 17:20:52'),
(31, 8, 1, 25, '2024-06-16 17:20:52', '2024-06-16 17:20:52'),
(32, 8, 4, 59, '2024-06-16 17:20:52', '2024-06-16 17:20:52'),
(33, 9, 3, 8, '2024-06-16 17:20:52', '2024-06-16 17:20:52'),
(34, 9, 2, 0, '2024-06-16 17:20:52', '2024-06-16 17:20:52'),
(35, 9, 1, 16, '2024-06-16 17:20:52', '2024-06-16 17:20:52'),
(36, 9, 4, 68, '2024-06-16 17:20:52', '2024-06-16 17:20:52'),
(37, 10, 3, 12, '2024-06-16 17:20:52', '2024-06-16 17:20:52'),
(38, 10, 2, 1, '2024-06-16 17:20:52', '2024-06-16 17:20:52'),
(39, 10, 1, 31, '2024-06-16 17:20:52', '2024-06-16 17:20:52'),
(40, 10, 4, 64, '2024-06-16 17:20:52', '2024-06-16 17:20:52'),
(41, 11, 3, 1, '2024-06-16 17:20:52', '2024-06-16 17:20:52'),
(42, 11, 2, 14, '2024-06-16 17:20:52', '2024-06-16 17:20:52'),
(43, 11, 1, 22, '2024-06-16 17:20:52', '2024-06-16 17:20:52'),
(44, 11, 4, 26, '2024-06-16 17:20:52', '2024-06-16 17:20:52'),
(45, 12, 3, 7, '2024-06-16 17:20:52', '2024-06-16 17:20:52'),
(46, 12, 2, 7, '2024-06-16 17:20:52', '2024-06-16 17:20:52'),
(47, 12, 1, 48, '2024-06-16 17:20:52', '2024-06-16 17:20:52'),
(48, 12, 4, 100, '2024-06-16 17:20:52', '2024-06-16 17:20:52'),
(49, 13, 3, 36, '2024-06-16 17:20:52', '2024-06-16 17:20:52'),
(50, 13, 2, 16, '2024-06-16 17:20:52', '2024-06-16 17:20:52'),
(51, 13, 1, 14, '2024-06-16 17:20:52', '2024-06-16 17:20:52'),
(52, 13, 4, 27, '2024-06-16 17:20:52', '2024-06-16 17:20:52'),
(53, 14, 3, 22, '2024-06-16 17:20:52', '2024-06-16 17:20:52'),
(54, 14, 2, 11, '2024-06-16 17:20:52', '2024-06-16 17:20:52'),
(55, 14, 1, 4, '2024-06-16 17:20:52', '2024-06-16 17:20:52'),
(56, 14, 4, 47, '2024-06-16 17:20:52', '2024-06-16 17:20:52'),
(57, 15, 3, 30, '2024-06-16 17:20:52', '2024-06-16 17:20:52'),
(58, 15, 2, 10, '2024-06-16 17:20:52', '2024-06-16 17:20:52'),
(59, 15, 1, 28, '2024-06-16 17:20:52', '2024-06-16 17:20:52'),
(60, 15, 4, 52, '2024-06-16 17:20:52', '2024-06-16 17:20:52'),
(61, 16, 3, 1, '2024-06-16 17:20:52', '2024-06-16 17:20:52'),
(62, 16, 2, 17, '2024-06-16 17:20:52', '2024-06-16 17:20:52'),
(63, 16, 1, 37, '2024-06-16 17:20:52', '2024-06-16 17:20:52'),
(64, 16, 4, 59, '2024-06-16 17:20:52', '2024-06-16 17:20:52'),
(65, 17, 3, 31, '2024-06-16 17:20:52', '2024-06-16 17:20:52'),
(66, 17, 2, 4, '2024-06-16 17:20:52', '2024-06-16 17:20:52'),
(67, 17, 1, 19, '2024-06-16 17:20:52', '2024-06-16 17:20:52'),
(68, 17, 4, 100, '2024-06-16 17:20:52', '2024-06-16 17:20:52'),
(69, 18, 3, 12, '2024-06-16 17:20:52', '2024-06-16 17:20:52'),
(70, 18, 2, 12, '2024-06-16 17:20:52', '2024-06-16 17:20:52'),
(71, 18, 1, 24, '2024-06-16 17:20:52', '2024-06-16 17:20:52'),
(72, 18, 4, 34, '2024-06-16 17:20:52', '2024-06-16 17:20:52'),
(73, 19, 3, 9, '2024-06-16 17:20:52', '2024-06-16 17:20:52'),
(74, 19, 2, 10, '2024-06-16 17:20:52', '2024-06-16 17:20:52'),
(75, 19, 1, 31, '2024-06-16 17:20:52', '2024-06-16 17:20:52'),
(76, 19, 4, 6, '2024-06-16 17:20:52', '2024-06-16 17:20:52'),
(77, 20, 3, 10, '2024-06-16 17:20:52', '2024-06-16 17:20:52'),
(78, 20, 2, 4, '2024-06-16 17:20:52', '2024-06-16 17:20:52'),
(79, 20, 1, 38, '2024-06-16 17:20:52', '2024-06-16 17:20:52'),
(80, 20, 4, 97, '2024-06-16 17:20:52', '2024-06-16 17:20:52'),
(81, 21, 3, 24, '2024-06-16 17:20:52', '2024-06-16 17:20:52'),
(82, 21, 2, 20, '2024-06-16 17:20:52', '2024-06-16 17:20:52'),
(83, 21, 1, 50, '2024-06-16 17:20:52', '2024-06-16 17:20:52'),
(84, 21, 4, 17, '2024-06-16 17:20:52', '2024-06-16 17:20:52'),
(85, 22, 3, 15, '2024-06-16 17:20:52', '2024-06-16 17:20:52'),
(86, 22, 2, 19, '2024-06-16 17:20:52', '2024-06-16 17:20:52'),
(87, 22, 1, 8, '2024-06-16 17:20:52', '2024-06-16 17:20:52'),
(88, 22, 4, 96, '2024-06-16 17:20:52', '2024-06-16 17:20:52'),
(89, 23, 3, 24, '2024-06-16 17:20:52', '2024-06-16 17:20:52'),
(90, 23, 2, 7, '2024-06-16 17:20:52', '2024-06-16 17:20:52'),
(91, 23, 1, 2, '2024-06-16 17:20:52', '2024-06-16 17:20:52'),
(92, 23, 4, 1, '2024-06-16 17:20:52', '2024-06-16 17:20:52'),
(93, 24, 3, 26, '2024-06-16 17:20:52', '2024-06-16 17:20:52'),
(94, 24, 2, 3, '2024-06-16 17:20:52', '2024-06-16 17:20:52'),
(95, 24, 1, 13, '2024-06-16 17:20:52', '2024-06-16 17:20:52'),
(96, 24, 4, 84, '2024-06-16 17:20:52', '2024-06-16 17:20:52'),
(97, 25, 3, 16, '2024-06-16 17:20:52', '2024-06-16 17:20:52'),
(98, 25, 2, 16, '2024-06-16 17:20:52', '2024-06-16 17:20:52'),
(99, 25, 1, 19, '2024-06-16 17:20:52', '2024-06-16 17:20:52'),
(100, 25, 4, 28, '2024-06-16 17:20:52', '2024-06-16 17:20:52'),
(101, 26, 3, 3, '2024-06-16 17:20:52', '2024-06-16 17:20:52'),
(102, 26, 2, 12, '2024-06-16 17:20:52', '2024-06-16 17:20:52'),
(103, 26, 1, 29, '2024-06-16 17:20:52', '2024-06-16 17:20:52'),
(104, 26, 4, 76, '2024-06-16 17:20:52', '2024-06-16 17:20:52'),
(105, 27, 3, 39, '2024-06-16 17:20:52', '2024-06-16 17:20:52'),
(106, 27, 2, 3, '2024-06-16 17:20:52', '2024-06-16 17:20:52'),
(107, 27, 1, 7, '2024-06-16 17:20:52', '2024-06-16 17:20:52'),
(108, 27, 4, 81, '2024-06-16 17:20:52', '2024-06-16 17:20:52'),
(109, 28, 3, 26, '2024-06-16 17:20:52', '2024-06-16 17:20:52'),
(110, 28, 2, 13, '2024-06-16 17:20:52', '2024-06-16 17:20:52'),
(111, 28, 1, 15, '2024-06-16 17:20:52', '2024-06-16 17:20:52'),
(112, 28, 4, 100, '2024-06-16 17:20:52', '2024-06-16 17:20:52'),
(113, 29, 3, 2, '2024-06-16 17:20:52', '2024-06-16 17:20:52'),
(114, 29, 2, 1, '2024-06-16 17:20:52', '2024-06-16 17:20:52'),
(115, 29, 1, 35, '2024-06-16 17:20:52', '2024-06-16 17:20:52'),
(116, 29, 4, 61, '2024-06-16 17:20:52', '2024-06-16 17:20:52'),
(117, 30, 3, 17, '2024-06-16 17:20:52', '2024-06-16 17:20:52'),
(118, 30, 2, 6, '2024-06-16 17:20:52', '2024-06-16 17:20:52'),
(119, 30, 1, 36, '2024-06-16 17:20:52', '2024-06-16 17:20:52'),
(120, 30, 4, 92, '2024-06-16 17:20:52', '2024-06-16 17:20:52'),
(121, 31, 3, 22, '2024-06-16 17:20:52', '2024-06-16 17:20:52'),
(122, 31, 2, 19, '2024-06-16 17:20:52', '2024-06-16 17:20:52'),
(123, 31, 1, 26, '2024-06-16 17:20:52', '2024-06-16 17:20:52'),
(124, 31, 4, 47, '2024-06-16 17:20:52', '2024-06-16 17:20:52'),
(125, 32, 3, 1, '2024-06-16 17:20:52', '2024-06-16 17:20:52'),
(126, 32, 2, 20, '2024-06-16 17:20:52', '2024-06-16 17:20:52'),
(127, 32, 1, 6, '2024-06-16 17:20:52', '2024-06-16 17:20:52'),
(128, 32, 4, 18, '2024-06-16 17:20:52', '2024-06-16 17:20:52'),
(129, 33, 3, 16, '2024-06-16 17:20:52', '2024-06-16 17:20:52'),
(130, 33, 2, 14, '2024-06-16 17:20:52', '2024-06-16 17:20:52'),
(131, 33, 1, 24, '2024-06-16 17:20:52', '2024-06-16 17:20:52'),
(132, 33, 4, 10, '2024-06-16 17:20:52', '2024-06-16 17:20:52'),
(133, 34, 3, 19, '2024-06-16 17:20:52', '2024-06-16 17:20:52'),
(134, 34, 2, 13, '2024-06-16 17:20:52', '2024-06-16 17:20:52'),
(135, 34, 1, 17, '2024-06-16 17:20:52', '2024-06-16 17:20:52'),
(136, 34, 4, 70, '2024-06-16 17:20:52', '2024-06-16 17:20:52'),
(137, 35, 3, 46, '2024-06-16 17:20:52', '2024-06-16 17:20:52'),
(138, 35, 2, 18, '2024-06-16 17:20:52', '2024-06-16 17:20:52'),
(139, 35, 1, 33, '2024-06-16 17:20:52', '2024-06-16 17:20:52'),
(140, 35, 4, 33, '2024-06-16 17:20:52', '2024-06-16 17:20:52'),
(141, 36, 3, 35, '2024-06-16 17:20:52', '2024-06-16 17:20:52'),
(142, 36, 2, 15, '2024-06-16 17:20:52', '2024-06-16 17:20:52'),
(143, 36, 1, 35, '2024-06-16 17:20:52', '2024-06-16 17:20:52'),
(144, 36, 4, 85, '2024-06-16 17:20:52', '2024-06-16 17:20:52'),
(145, 37, 3, 13, '2024-06-16 17:20:52', '2024-06-16 17:20:52'),
(146, 37, 2, 1, '2024-06-16 17:20:52', '2024-06-16 17:20:52'),
(147, 37, 1, 38, '2024-06-16 17:20:52', '2024-06-16 17:20:52'),
(148, 37, 4, 6, '2024-06-16 17:20:52', '2024-06-16 17:20:52'),
(149, 38, 3, 48, '2024-06-16 17:20:52', '2024-06-16 17:20:52'),
(150, 38, 2, 2, '2024-06-16 17:20:52', '2024-06-16 17:20:52'),
(151, 38, 1, 19, '2024-06-16 17:20:52', '2024-06-16 17:20:52'),
(152, 38, 4, 10, '2024-06-16 17:20:52', '2024-06-16 17:20:52'),
(153, 39, 3, 43, '2024-06-16 17:20:52', '2024-06-16 17:20:52'),
(154, 39, 2, 8, '2024-06-16 17:20:52', '2024-06-16 17:20:52'),
(155, 39, 1, 14, '2024-06-16 17:20:52', '2024-06-16 17:20:52'),
(156, 39, 4, 97, '2024-06-16 17:20:52', '2024-06-16 17:20:52'),
(157, 40, 3, 50, '2024-06-16 17:20:52', '2024-06-16 17:20:52'),
(158, 40, 2, 2, '2024-06-16 17:20:52', '2024-06-16 17:20:52'),
(159, 40, 1, 21, '2024-06-16 17:20:52', '2024-06-16 17:20:52'),
(160, 40, 4, 46, '2024-06-16 17:20:52', '2024-06-16 17:20:52'),
(161, 41, 3, 14, '2024-06-16 17:20:52', '2024-06-16 17:20:52'),
(162, 41, 2, 8, '2024-06-16 17:20:52', '2024-06-16 17:20:52'),
(163, 41, 1, 8, '2024-06-16 17:20:52', '2024-06-16 17:20:52'),
(164, 41, 4, 81, '2024-06-16 17:20:52', '2024-06-16 17:20:52'),
(165, 42, 3, 2, '2024-06-16 17:20:52', '2024-06-16 17:20:52'),
(166, 42, 2, 16, '2024-06-16 17:20:52', '2024-06-16 17:20:52'),
(167, 42, 1, 31, '2024-06-16 17:20:52', '2024-06-16 17:20:52'),
(168, 42, 4, 94, '2024-06-16 17:20:52', '2024-06-16 17:20:52'),
(169, 43, 3, 38, '2024-06-16 17:20:52', '2024-06-16 17:20:52'),
(170, 43, 2, 1, '2024-06-16 17:20:52', '2024-06-16 17:20:52'),
(171, 43, 1, 15, '2024-06-16 17:20:52', '2024-06-16 17:20:52'),
(172, 43, 4, 96, '2024-06-16 17:20:52', '2024-06-16 17:20:52'),
(173, 44, 3, 6, '2024-06-16 17:20:52', '2024-06-16 17:20:52'),
(174, 44, 2, 11, '2024-06-16 17:20:52', '2024-06-16 17:20:52'),
(175, 44, 1, 43, '2024-06-16 17:20:52', '2024-06-16 17:20:52'),
(176, 44, 4, 90, '2024-06-16 17:20:52', '2024-06-16 17:20:52'),
(177, 45, 3, 8, '2024-06-16 17:20:52', '2024-06-16 17:20:52'),
(178, 45, 2, 10, '2024-06-16 17:20:52', '2024-06-16 17:20:52'),
(179, 45, 1, 6, '2024-06-16 17:20:52', '2024-06-16 17:20:52'),
(180, 45, 4, 31, '2024-06-16 17:20:52', '2024-06-16 17:20:52'),
(181, 46, 3, 40, '2024-06-16 17:20:52', '2024-06-16 17:20:52'),
(182, 46, 2, 18, '2024-06-16 17:20:52', '2024-06-16 17:20:52'),
(183, 46, 1, 45, '2024-06-16 17:20:52', '2024-06-16 17:20:52'),
(184, 46, 4, 56, '2024-06-16 17:20:52', '2024-06-16 17:20:52'),
(185, 47, 3, 0, '2024-06-16 17:20:52', '2024-06-16 17:20:52'),
(186, 47, 2, 8, '2024-06-16 17:20:52', '2024-06-16 17:20:52'),
(187, 47, 1, 27, '2024-06-16 17:20:52', '2024-06-16 17:20:52'),
(188, 47, 4, 54, '2024-06-16 17:20:52', '2024-06-16 17:20:52'),
(189, 48, 3, 19, '2024-06-16 17:20:52', '2024-06-16 17:20:52'),
(190, 48, 2, 6, '2024-06-16 17:20:52', '2024-06-16 17:20:52'),
(191, 48, 1, 30, '2024-06-16 17:20:52', '2024-06-16 17:20:52'),
(192, 48, 4, 20, '2024-06-16 17:20:52', '2024-06-16 17:20:52'),
(193, 49, 3, 36, '2024-06-16 17:20:52', '2024-06-16 17:20:52'),
(194, 49, 2, 10, '2024-06-16 17:20:52', '2024-06-16 17:20:52'),
(195, 49, 1, 18, '2024-06-16 17:20:52', '2024-06-16 17:20:52'),
(196, 49, 4, 30, '2024-06-16 17:20:52', '2024-06-16 17:20:52'),
(197, 50, 3, 30, '2024-06-16 17:20:52', '2024-06-16 17:20:52'),
(198, 50, 2, 19, '2024-06-16 17:20:52', '2024-06-16 17:20:52'),
(199, 50, 1, 17, '2024-06-16 17:20:52', '2024-06-16 17:20:52'),
(200, 50, 4, 31, '2024-06-16 17:20:52', '2024-06-16 17:20:52'),
(201, 51, 3, 15, '2024-06-16 17:20:52', '2024-06-16 17:20:52'),
(202, 51, 2, 14, '2024-06-16 17:20:52', '2024-06-16 17:20:52'),
(203, 51, 1, 29, '2024-06-16 17:20:52', '2024-06-16 17:20:52'),
(204, 51, 4, 44, '2024-06-16 17:20:52', '2024-06-16 17:20:52'),
(205, 52, 3, 24, '2024-06-16 17:20:52', '2024-06-16 17:20:52'),
(206, 52, 2, 18, '2024-06-16 17:20:52', '2024-06-16 17:20:52'),
(207, 52, 1, 20, '2024-06-16 17:20:52', '2024-06-16 17:20:52'),
(208, 52, 4, 23, '2024-06-16 17:20:52', '2024-06-16 17:20:52'),
(209, 53, 3, 7, '2024-06-16 17:20:52', '2024-06-16 17:20:52'),
(210, 53, 2, 10, '2024-06-16 17:20:52', '2024-06-16 17:20:52'),
(211, 53, 1, 36, '2024-06-16 17:20:52', '2024-06-16 17:20:52'),
(212, 53, 4, 77, '2024-06-16 17:20:52', '2024-06-16 17:20:52'),
(213, 54, 3, 37, '2024-06-16 17:20:52', '2024-06-16 17:20:52'),
(214, 54, 2, 6, '2024-06-16 17:20:52', '2024-06-16 17:20:52'),
(215, 54, 1, 17, '2024-06-16 17:20:52', '2024-06-16 17:20:52'),
(216, 54, 4, 9, '2024-06-16 17:20:52', '2024-06-16 17:20:52'),
(217, 55, 3, 5, '2024-06-16 17:20:52', '2024-06-16 17:20:52'),
(218, 55, 2, 0, '2024-06-16 17:20:52', '2024-06-16 17:20:52'),
(219, 55, 1, 27, '2024-06-16 17:20:52', '2024-06-16 17:20:52'),
(220, 55, 4, 41, '2024-06-16 17:20:52', '2024-06-16 17:20:52'),
(221, 56, 3, 33, '2024-06-16 17:20:52', '2024-06-16 17:20:52'),
(222, 56, 2, 20, '2024-06-16 17:20:52', '2024-06-16 17:20:52'),
(223, 56, 1, 8, '2024-06-16 17:20:52', '2024-06-16 17:20:52'),
(224, 56, 4, 50, '2024-06-16 17:20:52', '2024-06-16 17:20:52'),
(225, 57, 3, 5, '2024-06-16 17:20:52', '2024-06-16 17:20:52'),
(226, 57, 2, 10, '2024-06-16 17:20:52', '2024-06-16 17:20:52'),
(227, 57, 1, 42, '2024-06-16 17:20:52', '2024-06-16 17:20:52'),
(228, 57, 4, 85, '2024-06-16 17:20:52', '2024-06-16 17:20:52'),
(229, 58, 3, 22, '2024-06-16 17:20:52', '2024-06-16 17:20:52'),
(230, 58, 2, 14, '2024-06-16 17:20:52', '2024-06-16 17:20:52'),
(231, 58, 1, 30, '2024-06-16 17:20:52', '2024-06-16 17:20:52'),
(232, 58, 4, 24, '2024-06-16 17:20:52', '2024-06-16 17:20:52'),
(233, 59, 3, 3, '2024-06-16 17:20:52', '2024-06-16 17:20:52'),
(234, 59, 2, 19, '2024-06-16 17:20:52', '2024-06-16 17:20:52'),
(235, 59, 1, 10, '2024-06-16 17:20:52', '2024-06-16 17:20:52'),
(236, 59, 4, 74, '2024-06-16 17:20:52', '2024-06-16 17:20:52'),
(237, 60, 3, 34, '2024-06-16 17:20:52', '2024-06-16 17:20:52'),
(238, 60, 2, 3, '2024-06-16 17:20:52', '2024-06-16 17:20:52'),
(239, 60, 1, 46, '2024-06-16 17:20:52', '2024-06-16 17:20:52'),
(240, 60, 4, 31, '2024-06-16 17:20:52', '2024-06-16 17:20:52'),
(241, 61, 3, 23, '2024-06-16 17:20:52', '2024-06-16 17:20:52'),
(242, 61, 2, 18, '2024-06-16 17:20:52', '2024-06-16 17:20:52'),
(243, 61, 1, 14, '2024-06-16 17:20:52', '2024-06-16 17:20:52'),
(244, 61, 4, 16, '2024-06-16 17:20:52', '2024-06-16 17:20:52'),
(245, 62, 3, 22, '2024-06-16 17:20:52', '2024-06-16 17:20:52'),
(246, 62, 2, 19, '2024-06-16 17:20:52', '2024-06-16 17:20:52'),
(247, 62, 1, 12, '2024-06-16 17:20:52', '2024-06-16 17:20:52'),
(248, 62, 4, 12, '2024-06-16 17:20:52', '2024-06-16 17:20:52'),
(249, 63, 3, 36, '2024-06-16 17:20:52', '2024-06-16 17:20:52'),
(250, 63, 2, 12, '2024-06-16 17:20:52', '2024-06-16 17:20:52'),
(251, 63, 1, 49, '2024-06-16 17:20:52', '2024-06-16 17:20:52'),
(252, 63, 4, 25, '2024-06-16 17:20:52', '2024-06-16 17:20:52'),
(253, 64, 3, 9, '2024-06-16 17:20:52', '2024-06-16 17:20:52'),
(254, 64, 2, 4, '2024-06-16 17:20:52', '2024-06-16 17:20:52'),
(255, 64, 1, 20, '2024-06-16 17:20:52', '2024-06-16 17:20:52'),
(256, 64, 4, 9, '2024-06-16 17:20:52', '2024-06-16 17:20:52'),
(257, 65, 3, 38, '2024-06-16 17:20:52', '2024-06-16 17:20:52'),
(258, 65, 2, 15, '2024-06-16 17:20:52', '2024-06-16 17:20:52'),
(259, 65, 1, 33, '2024-06-16 17:20:52', '2024-06-16 17:20:52'),
(260, 65, 4, 19, '2024-06-16 17:20:52', '2024-06-16 17:20:52'),
(261, 66, 3, 39, '2024-06-16 17:20:52', '2024-06-16 17:20:52'),
(262, 66, 2, 13, '2024-06-16 17:20:52', '2024-06-16 17:20:52'),
(263, 66, 1, 29, '2024-06-16 17:20:52', '2024-06-16 17:20:52'),
(264, 66, 4, 59, '2024-06-16 17:20:52', '2024-06-16 17:20:52'),
(265, 67, 3, 40, '2024-06-16 17:20:53', '2024-06-16 17:20:53'),
(266, 67, 2, 16, '2024-06-16 17:20:53', '2024-06-16 17:20:53'),
(267, 67, 1, 43, '2024-06-16 17:20:53', '2024-06-16 17:20:53'),
(268, 67, 4, 72, '2024-06-16 17:20:53', '2024-06-16 17:20:53'),
(269, 68, 3, 45, '2024-06-16 17:20:53', '2024-06-16 17:20:53'),
(270, 68, 2, 7, '2024-06-16 17:20:53', '2024-06-16 17:20:53'),
(271, 68, 1, 44, '2024-06-16 17:20:53', '2024-06-16 17:20:53'),
(272, 68, 4, 49, '2024-06-16 17:20:53', '2024-06-16 17:20:53'),
(273, 69, 3, 12, '2024-06-16 17:20:53', '2024-06-16 17:20:53'),
(274, 69, 2, 3, '2024-06-16 17:20:53', '2024-06-16 17:20:53'),
(275, 69, 1, 22, '2024-06-16 17:20:53', '2024-06-16 17:20:53'),
(276, 69, 4, 51, '2024-06-16 17:20:53', '2024-06-16 17:20:53'),
(277, 70, 3, 13, '2024-06-16 17:20:53', '2024-06-16 17:20:53'),
(278, 70, 2, 8, '2024-06-16 17:20:53', '2024-06-16 17:20:53'),
(279, 70, 1, 19, '2024-06-16 17:20:53', '2024-06-16 17:20:53'),
(280, 70, 4, 99, '2024-06-16 17:20:53', '2024-06-16 17:20:53'),
(281, 71, 3, 6, '2024-06-16 17:20:53', '2024-06-16 17:20:53'),
(282, 71, 2, 0, '2024-06-16 17:20:53', '2024-06-16 17:20:53'),
(283, 71, 1, 31, '2024-06-16 17:20:53', '2024-06-16 17:20:53'),
(284, 71, 4, 89, '2024-06-16 17:20:53', '2024-06-16 17:20:53'),
(285, 72, 3, 18, '2024-06-16 17:20:53', '2024-06-16 17:20:53'),
(286, 72, 2, 12, '2024-06-16 17:20:53', '2024-06-16 17:20:53'),
(287, 72, 1, 17, '2024-06-16 17:20:53', '2024-06-16 17:20:53'),
(288, 72, 4, 41, '2024-06-16 17:20:53', '2024-06-16 17:20:53'),
(289, 73, 3, 29, '2024-06-16 17:20:53', '2024-06-16 17:20:53'),
(290, 73, 2, 11, '2024-06-16 17:20:53', '2024-06-16 17:20:53'),
(291, 73, 1, 46, '2024-06-16 17:20:53', '2024-06-16 17:20:53'),
(292, 73, 4, 47, '2024-06-16 17:20:53', '2024-06-16 17:20:53'),
(293, 74, 3, 10, '2024-06-16 17:20:53', '2024-06-16 17:20:53'),
(294, 74, 2, 17, '2024-06-16 17:20:53', '2024-06-16 17:20:53'),
(295, 74, 1, 33, '2024-06-16 17:20:53', '2024-06-16 17:20:53'),
(296, 74, 4, 9, '2024-06-16 17:20:53', '2024-06-16 17:20:53'),
(297, 75, 3, 24, '2024-06-16 17:20:53', '2024-06-16 17:20:53'),
(298, 75, 2, 19, '2024-06-16 17:20:53', '2024-06-16 17:20:53'),
(299, 75, 1, 27, '2024-06-16 17:20:53', '2024-06-16 17:20:53'),
(300, 75, 4, 39, '2024-06-16 17:20:53', '2024-06-16 17:20:53'),
(301, 76, 3, 18, '2024-06-16 17:20:53', '2024-06-16 17:20:53'),
(302, 76, 2, 9, '2024-06-16 17:20:53', '2024-06-16 17:20:53'),
(303, 76, 1, 26, '2024-06-16 17:20:53', '2024-06-16 17:20:53'),
(304, 76, 4, 27, '2024-06-16 17:20:53', '2024-06-16 17:20:53'),
(305, 77, 3, 43, '2024-06-16 17:20:53', '2024-06-16 17:20:53'),
(306, 77, 2, 14, '2024-06-16 17:20:53', '2024-06-16 17:20:53'),
(307, 77, 1, 32, '2024-06-16 17:20:53', '2024-06-16 17:20:53'),
(308, 77, 4, 3, '2024-06-16 17:20:53', '2024-06-16 17:20:53'),
(309, 78, 3, 16, '2024-06-16 17:20:53', '2024-06-16 17:20:53'),
(310, 78, 2, 0, '2024-06-16 17:20:53', '2024-06-16 17:20:53'),
(311, 78, 1, 47, '2024-06-16 17:20:53', '2024-06-16 17:20:53'),
(312, 78, 4, 48, '2024-06-16 17:20:53', '2024-06-16 17:20:53'),
(313, 79, 3, 27, '2024-06-16 17:20:53', '2024-06-16 17:20:53'),
(314, 79, 2, 8, '2024-06-16 17:20:53', '2024-06-16 17:20:53'),
(315, 79, 1, 40, '2024-06-16 17:20:53', '2024-06-16 17:20:53'),
(316, 79, 4, 1, '2024-06-16 17:20:53', '2024-06-16 17:20:53'),
(317, 80, 3, 18, '2024-06-16 17:20:53', '2024-06-16 17:20:53'),
(318, 80, 2, 6, '2024-06-16 17:20:53', '2024-06-16 17:20:53'),
(319, 80, 1, 1, '2024-06-16 17:20:53', '2024-06-16 17:20:53'),
(320, 80, 4, 7, '2024-06-16 17:20:53', '2024-06-16 17:20:53'),
(321, 81, 3, 20, '2024-06-16 17:20:53', '2024-06-16 17:20:53'),
(322, 81, 2, 9, '2024-06-16 17:20:53', '2024-06-16 17:20:53'),
(323, 81, 1, 47, '2024-06-16 17:20:53', '2024-06-16 17:20:53'),
(324, 81, 4, 80, '2024-06-16 17:20:53', '2024-06-16 17:20:53'),
(325, 82, 3, 9, '2024-06-16 17:20:53', '2024-06-16 17:20:53'),
(326, 82, 2, 3, '2024-06-16 17:20:53', '2024-06-16 17:20:53'),
(327, 82, 1, 35, '2024-06-16 17:20:53', '2024-06-16 17:20:53'),
(328, 82, 4, 75, '2024-06-16 17:20:53', '2024-06-16 17:20:53'),
(329, 83, 3, 5, '2024-06-16 17:20:53', '2024-06-16 17:20:53'),
(330, 83, 2, 10, '2024-06-16 17:20:53', '2024-06-16 17:20:53'),
(331, 83, 1, 48, '2024-06-16 17:20:53', '2024-06-16 17:20:53'),
(332, 83, 4, 11, '2024-06-16 17:20:53', '2024-06-16 17:20:53'),
(333, 84, 3, 28, '2024-06-16 17:20:53', '2024-06-16 17:20:53'),
(334, 84, 2, 1, '2024-06-16 17:20:53', '2024-06-16 17:20:53'),
(335, 84, 1, 15, '2024-06-16 17:20:53', '2024-06-16 17:20:53'),
(336, 84, 4, 49, '2024-06-16 17:20:53', '2024-06-16 17:20:53'),
(337, 85, 3, 20, '2024-06-16 17:20:53', '2024-06-16 17:20:53'),
(338, 85, 2, 8, '2024-06-16 17:20:53', '2024-06-16 17:20:53'),
(339, 85, 1, 0, '2024-06-16 17:20:53', '2024-06-16 17:20:53'),
(340, 85, 4, 17, '2024-06-16 17:20:53', '2024-06-16 17:20:53'),
(341, 86, 3, 32, '2024-06-16 17:20:53', '2024-06-16 17:20:53'),
(342, 86, 2, 5, '2024-06-16 17:20:53', '2024-06-16 17:20:53'),
(343, 86, 1, 42, '2024-06-16 17:20:53', '2024-06-16 17:20:53'),
(344, 86, 4, 75, '2024-06-16 17:20:53', '2024-06-16 17:20:53'),
(345, 87, 3, 21, '2024-06-16 17:20:53', '2024-06-16 17:20:53'),
(346, 87, 2, 18, '2024-06-16 17:20:53', '2024-06-16 17:20:53'),
(347, 87, 1, 16, '2024-06-16 17:20:53', '2024-06-16 17:20:53'),
(348, 87, 4, 51, '2024-06-16 17:20:53', '2024-06-16 17:20:53'),
(349, 88, 3, 25, '2024-06-16 17:20:53', '2024-06-16 17:20:53'),
(350, 88, 2, 15, '2024-06-16 17:20:53', '2024-06-16 17:20:53'),
(351, 88, 1, 15, '2024-06-16 17:20:53', '2024-06-16 17:20:53'),
(352, 88, 4, 28, '2024-06-16 17:20:53', '2024-06-16 17:20:53'),
(353, 89, 3, 24, '2024-06-16 17:20:53', '2024-06-16 17:20:53'),
(354, 89, 2, 2, '2024-06-16 17:20:53', '2024-06-16 17:20:53'),
(355, 89, 1, 11, '2024-06-16 17:20:53', '2024-06-16 17:20:53'),
(356, 89, 4, 59, '2024-06-16 17:20:53', '2024-06-16 17:20:53'),
(357, 90, 3, 46, '2024-06-16 17:20:53', '2024-06-16 17:20:53'),
(358, 90, 2, 1, '2024-06-16 17:20:53', '2024-06-16 17:20:53'),
(359, 90, 1, 50, '2024-06-16 17:20:53', '2024-06-16 17:20:53'),
(360, 90, 4, 47, '2024-06-16 17:20:53', '2024-06-16 17:20:53'),
(361, 91, 3, 40, '2024-06-16 17:20:53', '2024-06-16 17:20:53'),
(362, 91, 2, 14, '2024-06-16 17:20:53', '2024-06-16 17:20:53'),
(363, 91, 1, 47, '2024-06-16 17:20:53', '2024-06-16 17:20:53'),
(364, 91, 4, 75, '2024-06-16 17:20:53', '2024-06-16 17:20:53'),
(365, 92, 3, 43, '2024-06-16 17:20:53', '2024-06-16 17:20:53'),
(366, 92, 2, 1, '2024-06-16 17:20:53', '2024-06-16 17:20:53'),
(367, 92, 1, 16, '2024-06-16 17:20:53', '2024-06-16 17:20:53'),
(368, 92, 4, 52, '2024-06-16 17:20:53', '2024-06-16 17:20:53'),
(369, 93, 3, 45, '2024-06-16 17:20:53', '2024-06-16 17:20:53'),
(370, 93, 2, 6, '2024-06-16 17:20:53', '2024-06-16 17:20:53'),
(371, 93, 1, 7, '2024-06-16 17:20:53', '2024-06-16 17:20:53'),
(372, 93, 4, 98, '2024-06-16 17:20:53', '2024-06-16 17:20:53'),
(373, 94, 3, 33, '2024-06-16 17:20:53', '2024-06-16 17:20:53'),
(374, 94, 2, 19, '2024-06-16 17:20:53', '2024-06-16 17:20:53'),
(375, 94, 1, 16, '2024-06-16 17:20:53', '2024-06-16 17:20:53'),
(376, 94, 4, 65, '2024-06-16 17:20:53', '2024-06-16 17:20:53'),
(377, 95, 3, 6, '2024-06-16 17:20:53', '2024-06-16 17:20:53'),
(378, 95, 2, 1, '2024-06-16 17:20:53', '2024-06-16 17:20:53'),
(379, 95, 1, 42, '2024-06-16 17:20:53', '2024-06-16 17:20:53'),
(380, 95, 4, 94, '2024-06-16 17:20:53', '2024-06-16 17:20:53'),
(381, 96, 3, 4, '2024-06-16 17:20:53', '2024-06-16 17:20:53'),
(382, 96, 2, 4, '2024-06-16 17:20:53', '2024-06-16 17:20:53'),
(383, 96, 1, 29, '2024-06-16 17:20:53', '2024-06-16 17:20:53'),
(384, 96, 4, 22, '2024-06-16 17:20:53', '2024-06-16 17:20:53'),
(385, 97, 3, 43, '2024-06-16 17:20:53', '2024-06-16 17:20:53'),
(386, 97, 2, 7, '2024-06-16 17:20:53', '2024-06-16 17:20:53'),
(387, 97, 1, 40, '2024-06-16 17:20:53', '2024-06-16 17:20:53'),
(388, 97, 4, 11, '2024-06-16 17:20:53', '2024-06-16 17:20:53'),
(389, 98, 3, 45, '2024-06-16 17:20:53', '2024-06-16 17:20:53'),
(390, 98, 2, 0, '2024-06-16 17:20:53', '2024-06-16 17:20:53'),
(391, 98, 1, 43, '2024-06-16 17:20:53', '2024-06-16 17:20:53'),
(392, 98, 4, 6, '2024-06-16 17:20:53', '2024-06-16 17:20:53'),
(393, 99, 3, 11, '2024-06-16 17:20:53', '2024-06-16 17:20:53'),
(394, 99, 2, 6, '2024-06-16 17:20:53', '2024-06-16 17:20:53'),
(395, 99, 1, 27, '2024-06-16 17:20:53', '2024-06-16 17:20:53'),
(396, 99, 4, 67, '2024-06-16 17:20:53', '2024-06-16 17:20:53'),
(397, 100, 3, 3, '2024-06-16 17:20:53', '2024-06-16 17:20:53'),
(398, 100, 2, 20, '2024-06-16 17:20:53', '2024-06-16 17:20:53'),
(399, 100, 1, 13, '2024-06-16 17:20:53', '2024-06-16 17:20:53'),
(400, 100, 4, 30, '2024-06-16 17:20:53', '2024-06-16 17:20:53'),
(401, 101, 3, 21, '2024-06-16 17:20:53', '2024-06-16 17:20:53'),
(402, 101, 2, 19, '2024-06-16 17:20:53', '2024-06-16 17:20:53'),
(403, 101, 1, 10, '2024-06-16 17:20:53', '2024-06-16 17:20:53'),
(404, 101, 4, 61, '2024-06-16 17:20:53', '2024-06-16 17:20:53'),
(405, 102, 3, 14, '2024-06-16 17:20:53', '2024-06-16 17:20:53'),
(406, 102, 2, 9, '2024-06-16 17:20:53', '2024-06-16 17:20:53'),
(407, 102, 1, 41, '2024-06-16 17:20:53', '2024-06-16 17:20:53'),
(408, 102, 4, 8, '2024-06-16 17:20:53', '2024-06-16 17:20:53'),
(409, 103, 3, 12, '2024-06-16 17:20:53', '2024-06-16 17:20:53'),
(410, 103, 2, 10, '2024-06-16 17:20:53', '2024-06-16 17:20:53'),
(411, 103, 1, 27, '2024-06-16 17:20:53', '2024-06-16 17:20:53'),
(412, 103, 4, 70, '2024-06-16 17:20:53', '2024-06-16 17:20:53'),
(413, 104, 3, 49, '2024-06-16 17:20:53', '2024-06-16 17:20:53'),
(414, 104, 2, 12, '2024-06-16 17:20:53', '2024-06-16 17:20:53'),
(415, 104, 1, 6, '2024-06-16 17:20:53', '2024-06-16 17:20:53'),
(416, 104, 4, 62, '2024-06-16 17:20:53', '2024-06-16 17:20:53'),
(417, 105, 3, 25, '2024-06-16 17:20:53', '2024-06-16 17:20:53'),
(418, 105, 2, 4, '2024-06-16 17:20:53', '2024-06-16 17:20:53'),
(419, 105, 1, 32, '2024-06-16 17:20:53', '2024-06-16 17:20:53'),
(420, 105, 4, 6, '2024-06-16 17:20:53', '2024-06-16 17:20:53'),
(421, 106, 3, 38, '2024-06-16 17:20:53', '2024-06-16 17:20:53'),
(422, 106, 2, 9, '2024-06-16 17:20:53', '2024-06-16 17:20:53'),
(423, 106, 1, 42, '2024-06-16 17:20:53', '2024-06-16 17:20:53'),
(424, 106, 4, 100, '2024-06-16 17:20:53', '2024-06-16 17:20:53'),
(425, 107, 3, 18, '2024-06-16 17:20:53', '2024-06-16 17:20:53'),
(426, 107, 2, 12, '2024-06-16 17:20:53', '2024-06-16 17:20:53'),
(427, 107, 1, 19, '2024-06-16 17:20:53', '2024-06-16 17:20:53'),
(428, 107, 4, 41, '2024-06-16 17:20:53', '2024-06-16 17:20:53'),
(429, 108, 3, 29, '2024-06-16 17:20:53', '2024-06-16 17:20:53'),
(430, 108, 2, 10, '2024-06-16 17:20:53', '2024-06-16 17:20:53'),
(431, 108, 1, 37, '2024-06-16 17:20:53', '2024-06-16 17:20:53'),
(432, 108, 4, 33, '2024-06-16 17:20:53', '2024-06-16 17:20:53'),
(433, 109, 3, 13, '2024-06-16 17:20:53', '2024-06-16 17:20:53'),
(434, 109, 2, 7, '2024-06-16 17:20:53', '2024-06-16 17:20:53'),
(435, 109, 1, 29, '2024-06-16 17:20:53', '2024-06-16 17:20:53'),
(436, 109, 4, 8, '2024-06-16 17:20:53', '2024-06-16 17:20:53'),
(437, 110, 3, 9, '2024-06-16 17:20:53', '2024-06-16 17:20:53'),
(438, 110, 2, 4, '2024-06-16 17:20:53', '2024-06-16 17:20:53'),
(439, 110, 1, 2, '2024-06-16 17:20:53', '2024-06-16 17:20:53'),
(440, 110, 4, 50, '2024-06-16 17:20:53', '2024-06-16 17:20:53'),
(441, 111, 3, 36, '2024-06-16 17:20:53', '2024-06-16 17:20:53'),
(442, 111, 2, 19, '2024-06-16 17:20:53', '2024-06-16 17:20:53'),
(443, 111, 1, 16, '2024-06-16 17:20:53', '2024-06-16 17:20:53'),
(444, 111, 4, 6, '2024-06-16 17:20:53', '2024-06-16 17:20:53'),
(445, 112, 3, 47, '2024-06-16 17:20:53', '2024-06-16 17:20:53'),
(446, 112, 2, 8, '2024-06-16 17:20:53', '2024-06-16 17:20:53'),
(447, 112, 1, 12, '2024-06-16 17:20:53', '2024-06-16 17:20:53'),
(448, 112, 4, 78, '2024-06-16 17:20:53', '2024-06-16 17:20:53'),
(449, 113, 3, 32, '2024-06-16 17:20:53', '2024-06-16 17:20:53'),
(450, 113, 2, 0, '2024-06-16 17:20:53', '2024-06-16 17:20:53'),
(451, 113, 1, 1, '2024-06-16 17:20:53', '2024-06-16 17:20:53'),
(452, 113, 4, 64, '2024-06-16 17:20:53', '2024-06-16 17:20:53'),
(453, 114, 3, 38, '2024-06-16 17:20:53', '2024-06-16 17:20:53'),
(454, 114, 2, 15, '2024-06-16 17:20:53', '2024-06-16 17:20:53'),
(455, 114, 1, 39, '2024-06-16 17:20:53', '2024-06-16 17:20:53'),
(456, 114, 4, 51, '2024-06-16 17:20:53', '2024-06-16 17:20:53'),
(457, 115, 3, 7, '2024-06-16 17:20:53', '2024-06-16 17:20:53'),
(458, 115, 2, 18, '2024-06-16 17:20:53', '2024-06-16 17:20:53'),
(459, 115, 1, 35, '2024-06-16 17:20:53', '2024-06-16 17:20:53'),
(460, 115, 4, 82, '2024-06-16 17:20:53', '2024-06-16 17:20:53'),
(461, 116, 3, 50, '2024-06-16 17:20:53', '2024-06-16 17:20:53'),
(462, 116, 2, 3, '2024-06-16 17:20:53', '2024-06-16 17:20:53'),
(463, 116, 1, 7, '2024-06-16 17:20:53', '2024-06-16 17:20:53'),
(464, 116, 4, 60, '2024-06-16 17:20:53', '2024-06-16 17:20:53'),
(465, 117, 3, 7, '2024-06-16 17:20:53', '2024-06-16 17:20:53'),
(466, 117, 2, 13, '2024-06-16 17:20:53', '2024-06-16 17:20:53'),
(467, 117, 1, 12, '2024-06-16 17:20:53', '2024-06-16 17:20:53'),
(468, 117, 4, 56, '2024-06-16 17:20:53', '2024-06-16 17:20:53'),
(469, 118, 3, 6, '2024-06-16 17:20:53', '2024-06-16 17:20:53'),
(470, 118, 2, 7, '2024-06-16 17:20:53', '2024-06-16 17:20:53'),
(471, 118, 1, 5, '2024-06-16 17:20:53', '2024-06-16 17:20:53'),
(472, 118, 4, 0, '2024-06-16 17:20:53', '2024-06-16 17:20:53'),
(473, 119, 3, 43, '2024-06-16 17:20:53', '2024-06-16 17:20:53'),
(474, 119, 2, 0, '2024-06-16 17:20:53', '2024-06-16 17:20:53'),
(475, 119, 1, 23, '2024-06-16 17:20:53', '2024-06-16 17:20:53'),
(476, 119, 4, 71, '2024-06-16 17:20:53', '2024-06-16 17:20:53'),
(477, 120, 3, 20, '2024-06-16 17:20:53', '2024-06-16 17:20:53'),
(478, 120, 2, 5, '2024-06-16 17:20:53', '2024-06-16 17:20:53'),
(479, 120, 1, 24, '2024-06-16 17:20:53', '2024-06-16 17:20:53'),
(480, 120, 4, 89, '2024-06-16 17:20:53', '2024-06-16 17:20:53'),
(481, 121, 3, 16, '2024-06-16 17:20:53', '2024-06-16 17:20:53'),
(482, 121, 2, 0, '2024-06-16 17:20:53', '2024-06-16 17:20:53'),
(483, 121, 1, 23, '2024-06-16 17:20:53', '2024-06-16 17:20:53'),
(484, 121, 4, 63, '2024-06-16 17:20:53', '2024-06-16 17:20:53'),
(485, 122, 3, 23, '2024-06-16 17:20:53', '2024-06-16 17:20:53'),
(486, 122, 2, 6, '2024-06-16 17:20:53', '2024-06-16 17:20:53'),
(487, 122, 1, 17, '2024-06-16 17:20:53', '2024-06-16 17:20:53'),
(488, 122, 4, 73, '2024-06-16 17:20:53', '2024-06-16 17:20:53'),
(489, 123, 3, 29, '2024-06-16 17:20:53', '2024-06-16 17:20:53'),
(490, 123, 2, 10, '2024-06-16 17:20:53', '2024-06-16 17:20:53'),
(491, 123, 1, 49, '2024-06-16 17:20:53', '2024-06-16 17:20:53'),
(492, 123, 4, 86, '2024-06-16 17:20:53', '2024-06-16 17:20:53'),
(493, 124, 3, 43, '2024-06-16 17:20:53', '2024-06-16 17:20:53'),
(494, 124, 2, 7, '2024-06-16 17:20:53', '2024-06-16 17:20:53'),
(495, 124, 1, 33, '2024-06-16 17:20:53', '2024-06-16 17:20:53'),
(496, 124, 4, 73, '2024-06-16 17:20:53', '2024-06-16 17:20:53'),
(497, 125, 3, 48, '2024-06-16 17:20:53', '2024-06-16 17:20:53'),
(498, 125, 2, 4, '2024-06-16 17:20:53', '2024-06-16 17:20:53'),
(499, 125, 1, 47, '2024-06-16 17:20:53', '2024-06-16 17:20:53'),
(500, 125, 4, 3, '2024-06-16 17:20:53', '2024-06-16 17:20:53'),
(501, 126, 3, 32, '2024-06-16 17:20:53', '2024-06-16 17:20:53'),
(502, 126, 2, 6, '2024-06-16 17:20:53', '2024-06-16 17:20:53'),
(503, 126, 1, 32, '2024-06-16 17:20:53', '2024-06-16 17:20:53'),
(504, 126, 4, 6, '2024-06-16 17:20:53', '2024-06-16 17:20:53'),
(505, 127, 3, 44, '2024-06-16 17:20:53', '2024-06-16 17:20:53'),
(506, 127, 2, 14, '2024-06-16 17:20:53', '2024-06-16 17:20:53'),
(507, 127, 1, 17, '2024-06-16 17:20:53', '2024-06-16 17:20:53'),
(508, 127, 4, 95, '2024-06-16 17:20:53', '2024-06-16 17:20:53'),
(509, 128, 3, 30, '2024-06-16 17:20:53', '2024-06-16 17:20:53'),
(510, 128, 2, 18, '2024-06-16 17:20:53', '2024-06-16 17:20:53'),
(511, 128, 1, 5, '2024-06-16 17:20:53', '2024-06-16 17:20:53'),
(512, 128, 4, 99, '2024-06-16 17:20:53', '2024-06-16 17:20:53'),
(513, 129, 3, 47, '2024-06-16 17:20:53', '2024-06-16 17:20:53'),
(514, 129, 2, 16, '2024-06-16 17:20:53', '2024-06-16 17:20:53'),
(515, 129, 1, 6, '2024-06-16 17:20:53', '2024-06-16 17:20:53'),
(516, 129, 4, 39, '2024-06-16 17:20:53', '2024-06-16 17:20:53'),
(517, 130, 3, 28, '2024-06-16 17:20:53', '2024-06-16 17:20:53'),
(518, 130, 2, 13, '2024-06-16 17:20:53', '2024-06-16 17:20:53'),
(519, 130, 1, 39, '2024-06-16 17:20:53', '2024-06-16 17:20:53'),
(520, 130, 4, 49, '2024-06-16 17:20:53', '2024-06-16 17:20:53'),
(521, 131, 3, 17, '2024-06-16 17:20:53', '2024-06-16 17:20:53'),
(522, 131, 2, 8, '2024-06-16 17:20:53', '2024-06-16 17:20:53'),
(523, 131, 1, 43, '2024-06-16 17:20:53', '2024-06-16 17:20:53'),
(524, 131, 4, 21, '2024-06-16 17:20:53', '2024-06-16 17:20:53'),
(525, 132, 3, 18, '2024-06-16 17:20:53', '2024-06-16 17:20:53'),
(526, 132, 2, 20, '2024-06-16 17:20:53', '2024-06-16 17:20:53'),
(527, 132, 1, 9, '2024-06-16 17:20:53', '2024-06-16 17:20:53'),
(528, 132, 4, 35, '2024-06-16 17:20:53', '2024-06-16 17:20:53'),
(529, 133, 3, 50, '2024-06-16 17:20:53', '2024-06-16 17:20:53'),
(530, 133, 2, 0, '2024-06-16 17:20:53', '2024-06-16 17:20:53'),
(531, 133, 1, 10, '2024-06-16 17:20:53', '2024-06-16 17:20:53'),
(532, 133, 4, 92, '2024-06-16 17:20:53', '2024-06-16 17:20:53'),
(533, 134, 3, 20, '2024-06-16 17:20:53', '2024-06-16 17:20:53'),
(534, 134, 2, 13, '2024-06-16 17:20:53', '2024-06-16 17:20:53'),
(535, 134, 1, 33, '2024-06-16 17:20:53', '2024-06-16 17:20:53'),
(536, 134, 4, 14, '2024-06-16 17:20:53', '2024-06-16 17:20:53'),
(537, 135, 3, 30, '2024-06-16 17:20:53', '2024-06-16 17:20:53'),
(538, 135, 2, 17, '2024-06-16 17:20:53', '2024-06-16 17:20:53'),
(539, 135, 1, 15, '2024-06-16 17:20:53', '2024-06-16 17:20:53'),
(540, 135, 4, 96, '2024-06-16 17:20:53', '2024-06-16 17:20:53'),
(541, 136, 3, 23, '2024-06-16 17:20:53', '2024-06-16 17:20:53'),
(542, 136, 2, 18, '2024-06-16 17:20:53', '2024-06-16 17:20:53'),
(543, 136, 1, 27, '2024-06-16 17:20:53', '2024-06-16 17:20:53'),
(544, 136, 4, 68, '2024-06-16 17:20:53', '2024-06-16 17:20:53'),
(545, 137, 3, 10, '2024-06-16 17:20:53', '2024-06-16 17:20:53'),
(546, 137, 2, 2, '2024-06-16 17:20:53', '2024-06-16 17:20:53'),
(547, 137, 1, 39, '2024-06-16 17:20:53', '2024-06-16 17:20:53'),
(548, 137, 4, 75, '2024-06-16 17:20:53', '2024-06-16 17:20:53'),
(549, 138, 3, 25, '2024-06-16 17:20:53', '2024-06-16 17:20:53'),
(550, 138, 2, 16, '2024-06-16 17:20:53', '2024-06-16 17:20:53'),
(551, 138, 1, 46, '2024-06-16 17:20:53', '2024-06-16 17:20:53'),
(552, 138, 4, 89, '2024-06-16 17:20:53', '2024-06-16 17:20:53'),
(553, 139, 3, 12, '2024-06-16 17:20:53', '2024-06-16 17:20:53'),
(554, 139, 2, 5, '2024-06-16 17:20:53', '2024-06-16 17:20:53'),
(555, 139, 1, 38, '2024-06-16 17:20:53', '2024-06-16 17:20:53'),
(556, 139, 4, 18, '2024-06-16 17:20:53', '2024-06-16 17:20:53'),
(557, 140, 3, 15, '2024-06-16 17:20:53', '2024-06-16 17:20:53'),
(558, 140, 2, 4, '2024-06-16 17:20:53', '2024-06-16 17:20:53'),
(559, 140, 1, 21, '2024-06-16 17:20:53', '2024-06-16 17:20:53'),
(560, 140, 4, 15, '2024-06-16 17:20:53', '2024-06-16 17:20:53'),
(561, 141, 3, 4, '2024-06-16 17:20:53', '2024-06-16 17:20:53'),
(562, 141, 2, 6, '2024-06-16 17:20:53', '2024-06-16 17:20:53'),
(563, 141, 1, 44, '2024-06-16 17:20:53', '2024-06-16 17:20:53'),
(564, 141, 4, 17, '2024-06-16 17:20:53', '2024-06-16 17:20:53'),
(565, 142, 3, 3, '2024-06-16 17:20:53', '2024-06-16 17:20:53'),
(566, 142, 2, 9, '2024-06-16 17:20:53', '2024-06-16 17:20:53'),
(567, 142, 1, 50, '2024-06-16 17:20:53', '2024-06-16 17:20:53'),
(568, 142, 4, 87, '2024-06-16 17:20:53', '2024-06-16 17:20:53'),
(569, 143, 3, 37, '2024-06-16 17:20:53', '2024-06-16 17:20:53'),
(570, 143, 2, 2, '2024-06-16 17:20:53', '2024-06-16 17:20:53'),
(571, 143, 1, 3, '2024-06-16 17:20:53', '2024-06-16 17:20:53'),
(572, 143, 4, 79, '2024-06-16 17:20:53', '2024-06-16 17:20:53'),
(573, 144, 3, 6, '2024-06-16 17:20:53', '2024-06-16 17:20:53'),
(574, 144, 2, 5, '2024-06-16 17:20:53', '2024-06-16 17:20:53'),
(575, 144, 1, 36, '2024-06-16 17:20:53', '2024-06-16 17:20:53'),
(576, 144, 4, 97, '2024-06-16 17:20:53', '2024-06-16 17:20:53'),
(577, 145, 3, 11, '2024-06-16 17:20:53', '2024-06-16 17:20:53'),
(578, 145, 2, 10, '2024-06-16 17:20:53', '2024-06-16 17:20:53'),
(579, 145, 1, 45, '2024-06-16 17:20:53', '2024-06-16 17:20:53'),
(580, 145, 4, 1, '2024-06-16 17:20:53', '2024-06-16 17:20:53'),
(581, 146, 3, 9, '2024-06-16 17:20:53', '2024-06-16 17:20:53'),
(582, 146, 2, 3, '2024-06-16 17:20:53', '2024-06-16 17:20:53'),
(583, 146, 1, 2, '2024-06-16 17:20:53', '2024-06-16 17:20:53'),
(584, 146, 4, 6, '2024-06-16 17:20:53', '2024-06-16 17:20:53'),
(585, 147, 3, 47, '2024-06-16 17:20:53', '2024-06-16 17:20:53'),
(586, 147, 2, 10, '2024-06-16 17:20:53', '2024-06-16 17:20:53'),
(587, 147, 1, 43, '2024-06-16 17:20:53', '2024-06-16 17:20:53'),
(588, 147, 4, 65, '2024-06-16 17:20:53', '2024-06-16 17:20:53'),
(589, 148, 3, 13, '2024-06-16 17:20:53', '2024-06-16 17:20:53'),
(590, 148, 2, 20, '2024-06-16 17:20:53', '2024-06-16 17:20:53'),
(591, 148, 1, 30, '2024-06-16 17:20:53', '2024-06-16 17:20:53'),
(592, 148, 4, 77, '2024-06-16 17:20:53', '2024-06-16 17:20:53'),
(593, 149, 3, 37, '2024-06-16 17:20:53', '2024-06-16 17:20:53'),
(594, 149, 2, 17, '2024-06-16 17:20:53', '2024-06-16 17:20:53'),
(595, 149, 1, 8, '2024-06-16 17:20:53', '2024-06-16 17:20:53'),
(596, 149, 4, 25, '2024-06-16 17:20:53', '2024-06-16 17:20:53'),
(597, 150, 3, 31, '2024-06-16 17:20:53', '2024-06-16 17:20:53'),
(598, 150, 2, 19, '2024-06-16 17:20:53', '2024-06-16 17:20:53'),
(599, 150, 1, 5, '2024-06-16 17:20:53', '2024-06-16 17:20:53'),
(600, 150, 4, 15, '2024-06-16 17:20:53', '2024-06-16 17:20:53'),
(601, 151, 3, 42, '2024-06-16 17:20:53', '2024-06-16 17:20:53'),
(602, 151, 2, 13, '2024-06-16 17:20:53', '2024-06-16 17:20:53'),
(603, 151, 1, 24, '2024-06-16 17:20:53', '2024-06-16 17:20:53'),
(604, 151, 4, 80, '2024-06-16 17:20:53', '2024-06-16 17:20:53'),
(605, 152, 3, 18, '2024-06-16 17:20:53', '2024-06-16 17:20:53'),
(606, 152, 2, 7, '2024-06-16 17:20:53', '2024-06-16 17:20:53'),
(607, 152, 1, 35, '2024-06-16 17:20:53', '2024-06-16 17:20:53'),
(608, 152, 4, 45, '2024-06-16 17:20:53', '2024-06-16 17:20:53'),
(609, 153, 3, 5, '2024-06-16 17:20:53', '2024-06-16 17:20:53'),
(610, 153, 2, 20, '2024-06-16 17:20:53', '2024-06-16 17:20:53'),
(611, 153, 1, 24, '2024-06-16 17:20:53', '2024-06-16 17:20:53'),
(612, 153, 4, 36, '2024-06-16 17:20:53', '2024-06-16 17:20:53'),
(613, 154, 3, 13, '2024-06-16 17:20:53', '2024-06-16 17:20:53'),
(614, 154, 2, 2, '2024-06-16 17:20:53', '2024-06-16 17:20:53'),
(615, 154, 1, 49, '2024-06-16 17:20:53', '2024-06-16 17:20:53'),
(616, 154, 4, 30, '2024-06-16 17:20:53', '2024-06-16 17:20:53'),
(617, 155, 3, 33, '2024-06-16 17:20:53', '2024-06-16 17:20:53'),
(618, 155, 2, 13, '2024-06-16 17:20:53', '2024-06-16 17:20:53'),
(619, 155, 1, 12, '2024-06-16 17:20:53', '2024-06-16 17:20:53'),
(620, 155, 4, 0, '2024-06-16 17:20:53', '2024-06-16 17:20:53'),
(621, 156, 3, 45, '2024-06-16 17:20:53', '2024-06-16 17:20:53'),
(622, 156, 2, 18, '2024-06-16 17:20:53', '2024-06-16 17:20:53'),
(623, 156, 1, 2, '2024-06-16 17:20:53', '2024-06-16 17:20:53'),
(624, 156, 4, 69, '2024-06-16 17:20:53', '2024-06-16 17:20:53'),
(625, 157, 3, 22, '2024-06-16 17:20:53', '2024-06-16 17:20:53'),
(626, 157, 2, 11, '2024-06-16 17:20:53', '2024-06-16 17:20:53'),
(627, 157, 1, 40, '2024-06-16 17:20:53', '2024-06-16 17:20:53'),
(628, 157, 4, 100, '2024-06-16 17:20:53', '2024-06-16 17:20:53'),
(629, 158, 3, 14, '2024-06-16 17:20:53', '2024-06-16 17:20:53'),
(630, 158, 2, 9, '2024-06-16 17:20:53', '2024-06-16 17:20:53'),
(631, 158, 1, 16, '2024-06-16 17:20:53', '2024-06-16 17:20:53'),
(632, 158, 4, 43, '2024-06-16 17:20:53', '2024-06-16 17:20:53'),
(633, 159, 3, 38, '2024-06-16 17:20:53', '2024-06-16 17:20:53'),
(634, 159, 2, 5, '2024-06-16 17:20:53', '2024-06-16 17:20:53'),
(635, 159, 1, 26, '2024-06-16 17:20:53', '2024-06-16 17:20:53'),
(636, 159, 4, 44, '2024-06-16 17:20:53', '2024-06-16 17:20:53'),
(637, 160, 3, 1, '2024-06-16 17:20:53', '2024-06-16 17:20:53'),
(638, 160, 2, 11, '2024-06-16 17:20:53', '2024-06-16 17:20:53'),
(639, 160, 1, 11, '2024-06-16 17:20:53', '2024-06-16 17:20:53'),
(640, 160, 4, 42, '2024-06-16 17:20:53', '2024-06-16 17:20:53'),
(641, 161, 3, 13, '2024-06-16 17:20:53', '2024-06-16 17:20:53'),
(642, 161, 2, 8, '2024-06-16 17:20:53', '2024-06-16 17:20:53'),
(643, 161, 1, 22, '2024-06-16 17:20:53', '2024-06-16 17:20:53'),
(644, 161, 4, 43, '2024-06-16 17:20:53', '2024-06-16 17:20:53'),
(645, 162, 3, 4, '2024-06-16 17:20:53', '2024-06-16 17:20:53'),
(646, 162, 2, 13, '2024-06-16 17:20:53', '2024-06-16 17:20:53'),
(647, 162, 1, 12, '2024-06-16 17:20:53', '2024-06-16 17:20:53'),
(648, 162, 4, 38, '2024-06-16 17:20:53', '2024-06-16 17:20:53'),
(649, 163, 3, 48, '2024-06-16 17:20:53', '2024-06-16 17:20:53'),
(650, 163, 2, 12, '2024-06-16 17:20:53', '2024-06-16 17:20:53'),
(651, 163, 1, 44, '2024-06-16 17:20:53', '2024-06-16 17:20:53'),
(652, 163, 4, 42, '2024-06-16 17:20:53', '2024-06-16 17:20:53'),
(653, 164, 3, 39, '2024-06-16 17:20:53', '2024-06-16 17:20:53'),
(654, 164, 2, 0, '2024-06-16 17:20:53', '2024-06-16 17:20:53'),
(655, 164, 1, 35, '2024-06-16 17:20:53', '2024-06-16 17:20:53'),
(656, 164, 4, 1, '2024-06-16 17:20:53', '2024-06-16 17:20:53'),
(657, 165, 3, 25, '2024-06-16 17:20:53', '2024-06-16 17:20:53'),
(658, 165, 2, 4, '2024-06-16 17:20:53', '2024-06-16 17:20:53'),
(659, 165, 1, 34, '2024-06-16 17:20:53', '2024-06-16 17:20:53'),
(660, 165, 4, 97, '2024-06-16 17:20:53', '2024-06-16 17:20:53'),
(661, 166, 3, 7, '2024-06-16 17:20:53', '2024-06-16 17:20:53'),
(662, 166, 2, 12, '2024-06-16 17:20:53', '2024-06-16 17:20:53'),
(663, 166, 1, 13, '2024-06-16 17:20:53', '2024-06-16 17:20:53'),
(664, 166, 4, 98, '2024-06-16 17:20:53', '2024-06-16 17:20:53'),
(665, 167, 3, 35, '2024-06-16 17:20:53', '2024-06-16 17:20:53'),
(666, 167, 2, 8, '2024-06-16 17:20:53', '2024-06-16 17:20:53'),
(667, 167, 1, 48, '2024-06-16 17:20:53', '2024-06-16 17:20:53'),
(668, 167, 4, 91, '2024-06-16 17:20:53', '2024-06-16 17:20:53'),
(669, 168, 3, 1, '2024-06-16 17:20:53', '2024-06-16 17:20:53'),
(670, 168, 2, 4, '2024-06-16 17:20:53', '2024-06-16 17:20:53'),
(671, 168, 1, 22, '2024-06-16 17:20:53', '2024-06-16 17:20:53'),
(672, 168, 4, 49, '2024-06-16 17:20:53', '2024-06-16 17:20:53'),
(673, 169, 3, 11, '2024-06-16 17:20:53', '2024-06-16 17:20:53'),
(674, 169, 2, 4, '2024-06-16 17:20:53', '2024-06-16 17:20:53'),
(675, 169, 1, 31, '2024-06-16 17:20:53', '2024-06-16 17:20:53'),
(676, 169, 4, 10, '2024-06-16 17:20:53', '2024-06-16 17:20:53'),
(677, 170, 3, 40, '2024-06-16 17:20:53', '2024-06-16 17:20:53'),
(678, 170, 2, 8, '2024-06-16 17:20:53', '2024-06-16 17:20:53'),
(679, 170, 1, 19, '2024-06-16 17:20:53', '2024-06-16 17:20:53'),
(680, 170, 4, 49, '2024-06-16 17:20:53', '2024-06-16 17:20:53'),
(681, 171, 3, 7, '2024-06-16 17:20:53', '2024-06-16 17:20:53'),
(682, 171, 2, 3, '2024-06-16 17:20:53', '2024-06-16 17:20:53'),
(683, 171, 1, 21, '2024-06-16 17:20:53', '2024-06-16 17:20:53'),
(684, 171, 4, 54, '2024-06-16 17:20:53', '2024-06-16 17:20:53'),
(685, 172, 3, 26, '2024-06-16 17:20:53', '2024-06-16 17:20:53'),
(686, 172, 2, 6, '2024-06-16 17:20:53', '2024-06-16 17:20:53'),
(687, 172, 1, 48, '2024-06-16 17:20:53', '2024-06-16 17:20:53'),
(688, 172, 4, 93, '2024-06-16 17:20:53', '2024-06-16 17:20:53'),
(689, 173, 3, 20, '2024-06-16 17:20:53', '2024-06-16 17:20:53'),
(690, 173, 2, 9, '2024-06-16 17:20:53', '2024-06-16 17:20:53'),
(691, 173, 1, 27, '2024-06-16 17:20:53', '2024-06-16 17:20:53'),
(692, 173, 4, 52, '2024-06-16 17:20:53', '2024-06-16 17:20:53'),
(693, 174, 3, 45, '2024-06-16 17:20:53', '2024-06-16 17:20:53'),
(694, 174, 2, 18, '2024-06-16 17:20:53', '2024-06-16 17:20:53'),
(695, 174, 1, 40, '2024-06-16 17:20:53', '2024-06-16 17:20:53'),
(696, 174, 4, 38, '2024-06-16 17:20:53', '2024-06-16 17:20:53'),
(697, 175, 3, 28, '2024-06-16 17:20:53', '2024-06-16 17:20:53'),
(698, 175, 2, 15, '2024-06-16 17:20:53', '2024-06-16 17:20:53'),
(699, 175, 1, 35, '2024-06-16 17:20:53', '2024-06-16 17:20:53'),
(700, 175, 4, 23, '2024-06-16 17:20:53', '2024-06-16 17:20:53'),
(701, 176, 3, 15, '2024-06-16 17:20:53', '2024-06-16 17:20:53'),
(702, 176, 2, 6, '2024-06-16 17:20:53', '2024-06-16 17:20:53'),
(703, 176, 1, 13, '2024-06-16 17:20:53', '2024-06-16 17:20:53'),
(704, 176, 4, 87, '2024-06-16 17:20:53', '2024-06-16 17:20:53'),
(705, 177, 3, 45, '2024-06-16 17:20:53', '2024-06-16 17:20:53'),
(706, 177, 2, 4, '2024-06-16 17:20:53', '2024-06-16 17:20:53'),
(707, 177, 1, 45, '2024-06-16 17:20:53', '2024-06-16 17:20:53'),
(708, 177, 4, 8, '2024-06-16 17:20:53', '2024-06-16 17:20:53'),
(709, 178, 3, 28, '2024-06-16 17:20:53', '2024-06-16 17:20:53'),
(710, 178, 2, 9, '2024-06-16 17:20:53', '2024-06-16 17:20:53'),
(711, 178, 1, 23, '2024-06-16 17:20:53', '2024-06-16 17:20:53'),
(712, 178, 4, 76, '2024-06-16 17:20:53', '2024-06-16 17:20:53'),
(713, 179, 3, 40, '2024-06-16 17:20:53', '2024-06-16 17:20:53'),
(714, 179, 2, 13, '2024-06-16 17:20:53', '2024-06-16 17:20:53'),
(715, 179, 1, 27, '2024-06-16 17:20:53', '2024-06-16 17:20:53'),
(716, 179, 4, 0, '2024-06-16 17:20:53', '2024-06-16 17:20:53'),
(717, 180, 3, 5, '2024-06-16 17:20:53', '2024-06-16 17:20:53'),
(718, 180, 2, 8, '2024-06-16 17:20:53', '2024-06-16 17:20:53'),
(719, 180, 1, 37, '2024-06-16 17:20:53', '2024-06-16 17:20:53'),
(720, 180, 4, 9, '2024-06-16 17:20:53', '2024-06-16 17:20:53'),
(721, 181, 3, 8, '2024-06-16 17:20:53', '2024-06-16 17:20:53'),
(722, 181, 2, 11, '2024-06-16 17:20:53', '2024-06-16 17:20:53'),
(723, 181, 1, 28, '2024-06-16 17:20:53', '2024-06-16 17:20:53'),
(724, 181, 4, 58, '2024-06-16 17:20:53', '2024-06-16 17:20:53'),
(725, 182, 3, 24, '2024-06-16 17:20:53', '2024-06-16 17:20:53'),
(726, 182, 2, 10, '2024-06-16 17:20:53', '2024-06-16 17:20:53'),
(727, 182, 1, 42, '2024-06-16 17:20:53', '2024-06-16 17:20:53'),
(728, 182, 4, 99, '2024-06-16 17:20:53', '2024-06-16 17:20:53'),
(729, 183, 3, 18, '2024-06-16 17:20:53', '2024-06-16 17:20:53'),
(730, 183, 2, 0, '2024-06-16 17:20:54', '2024-06-16 17:20:54'),
(731, 183, 1, 11, '2024-06-16 17:20:54', '2024-06-16 17:20:54'),
(732, 183, 4, 24, '2024-06-16 17:20:54', '2024-06-16 17:20:54'),
(733, 184, 3, 10, '2024-06-16 17:20:54', '2024-06-16 17:20:54'),
(734, 184, 2, 5, '2024-06-16 17:20:54', '2024-06-16 17:20:54'),
(735, 184, 1, 44, '2024-06-16 17:20:54', '2024-06-16 17:20:54'),
(736, 184, 4, 68, '2024-06-16 17:20:54', '2024-06-16 17:20:54'),
(737, 185, 3, 37, '2024-06-16 17:20:54', '2024-06-16 17:20:54'),
(738, 185, 2, 19, '2024-06-16 17:20:54', '2024-06-16 17:20:54'),
(739, 185, 1, 19, '2024-06-16 17:20:54', '2024-06-16 17:20:54'),
(740, 185, 4, 13, '2024-06-16 17:20:54', '2024-06-16 17:20:54'),
(741, 186, 3, 8, '2024-06-16 17:20:54', '2024-06-16 17:20:54'),
(742, 186, 2, 13, '2024-06-16 17:20:54', '2024-06-16 17:20:54'),
(743, 186, 1, 20, '2024-06-16 17:20:54', '2024-06-16 17:20:54'),
(744, 186, 4, 27, '2024-06-16 17:20:54', '2024-06-16 17:20:54'),
(745, 187, 3, 16, '2024-06-16 17:20:54', '2024-06-16 17:20:54'),
(746, 187, 2, 17, '2024-06-16 17:20:54', '2024-06-16 17:20:54'),
(747, 187, 1, 7, '2024-06-16 17:20:54', '2024-06-16 17:20:54'),
(748, 187, 4, 55, '2024-06-16 17:20:54', '2024-06-16 17:20:54'),
(749, 188, 3, 28, '2024-06-16 17:20:54', '2024-06-16 17:20:54'),
(750, 188, 2, 11, '2024-06-16 17:20:54', '2024-06-16 17:20:54'),
(751, 188, 1, 14, '2024-06-16 17:20:54', '2024-06-16 17:20:54'),
(752, 188, 4, 64, '2024-06-16 17:20:54', '2024-06-16 17:20:54'),
(753, 189, 3, 38, '2024-06-16 17:20:54', '2024-06-16 17:20:54'),
(754, 189, 2, 6, '2024-06-16 17:20:54', '2024-06-16 17:20:54'),
(755, 189, 1, 16, '2024-06-16 17:20:54', '2024-06-16 17:20:54'),
(756, 189, 4, 33, '2024-06-16 17:20:54', '2024-06-16 17:20:54'),
(757, 190, 3, 8, '2024-06-16 17:20:54', '2024-06-16 17:20:54'),
(758, 190, 2, 9, '2024-06-16 17:20:54', '2024-06-16 17:20:54'),
(759, 190, 1, 11, '2024-06-16 17:20:54', '2024-06-16 17:20:54'),
(760, 190, 4, 67, '2024-06-16 17:20:54', '2024-06-16 17:20:54'),
(761, 191, 3, 46, '2024-06-16 17:20:54', '2024-06-16 17:20:54'),
(762, 191, 2, 7, '2024-06-16 17:20:54', '2024-06-16 17:20:54'),
(763, 191, 1, 48, '2024-06-16 17:20:54', '2024-06-16 17:20:54'),
(764, 191, 4, 15, '2024-06-16 17:20:54', '2024-06-16 17:20:54'),
(765, 192, 3, 34, '2024-06-16 17:20:54', '2024-06-16 17:20:54'),
(766, 192, 2, 13, '2024-06-16 17:20:54', '2024-06-16 17:20:54'),
(767, 192, 1, 28, '2024-06-16 17:20:54', '2024-06-16 17:20:54'),
(768, 192, 4, 44, '2024-06-16 17:20:54', '2024-06-16 17:20:54'),
(769, 193, 3, 14, '2024-06-16 17:20:54', '2024-06-16 17:20:54'),
(770, 193, 2, 1, '2024-06-16 17:20:54', '2024-06-16 17:20:54'),
(771, 193, 1, 38, '2024-06-16 17:20:54', '2024-06-16 17:20:54'),
(772, 193, 4, 19, '2024-06-16 17:20:54', '2024-06-16 17:20:54'),
(773, 194, 3, 50, '2024-06-16 17:20:54', '2024-06-16 17:20:54'),
(774, 194, 2, 13, '2024-06-16 17:20:54', '2024-06-16 17:20:54'),
(775, 194, 1, 18, '2024-06-16 17:20:54', '2024-06-16 17:20:54'),
(776, 194, 4, 44, '2024-06-16 17:20:54', '2024-06-16 17:20:54'),
(777, 195, 3, 11, '2024-06-16 17:20:54', '2024-06-16 17:20:54'),
(778, 195, 2, 2, '2024-06-16 17:20:54', '2024-06-16 17:20:54'),
(779, 195, 1, 44, '2024-06-16 17:20:54', '2024-06-16 17:20:54'),
(780, 195, 4, 51, '2024-06-16 17:20:54', '2024-06-16 17:20:54'),
(781, 196, 3, 47, '2024-06-16 17:20:54', '2024-06-16 17:20:54'),
(782, 196, 2, 18, '2024-06-16 17:20:54', '2024-06-16 17:20:54'),
(783, 196, 1, 13, '2024-06-16 17:20:54', '2024-06-16 17:20:54'),
(784, 196, 4, 46, '2024-06-16 17:20:54', '2024-06-16 17:20:54'),
(785, 197, 3, 13, '2024-06-16 17:20:54', '2024-06-16 17:20:54'),
(786, 197, 2, 9, '2024-06-16 17:20:54', '2024-06-16 17:20:54'),
(787, 197, 1, 2, '2024-06-16 17:20:54', '2024-06-16 17:20:54'),
(788, 197, 4, 56, '2024-06-16 17:20:54', '2024-06-16 17:20:54'),
(789, 198, 3, 33, '2024-06-16 17:20:54', '2024-06-16 17:20:54'),
(790, 198, 2, 20, '2024-06-16 17:20:54', '2024-06-16 17:20:54'),
(791, 198, 1, 44, '2024-06-16 17:20:54', '2024-06-16 17:20:54'),
(792, 198, 4, 74, '2024-06-16 17:20:54', '2024-06-16 17:20:54'),
(793, 199, 3, 49, '2024-06-16 17:20:54', '2024-06-16 17:20:54'),
(794, 199, 2, 6, '2024-06-16 17:20:54', '2024-06-16 17:20:54'),
(795, 199, 1, 39, '2024-06-16 17:20:54', '2024-06-16 17:20:54'),
(796, 199, 4, 45, '2024-06-16 17:20:54', '2024-06-16 17:20:54'),
(797, 200, 3, 46, '2024-06-16 17:20:54', '2024-06-16 17:20:54'),
(798, 200, 2, 6, '2024-06-16 17:20:54', '2024-06-16 17:20:54'),
(799, 200, 1, 30, '2024-06-16 17:20:54', '2024-06-16 17:20:54'),
(800, 200, 4, 53, '2024-06-16 17:20:54', '2024-06-16 17:20:54'),
(801, 201, 3, 23, '2024-06-16 17:20:54', '2024-06-16 17:20:54'),
(802, 201, 2, 17, '2024-06-16 17:20:54', '2024-06-16 17:20:54'),
(803, 201, 1, 3, '2024-06-16 17:20:54', '2024-06-16 17:20:54');
INSERT INTO `grades` (`id`, `enrollment_id`, `grade_item_id`, `grade`, `created_at`, `updated_at`) VALUES
(804, 201, 4, 24, '2024-06-16 17:20:54', '2024-06-16 17:20:54'),
(805, 202, 3, 2, '2024-06-16 17:20:54', '2024-06-16 17:20:54'),
(806, 202, 2, 11, '2024-06-16 17:20:54', '2024-06-16 17:20:54'),
(807, 202, 1, 32, '2024-06-16 17:20:54', '2024-06-16 17:20:54'),
(808, 202, 4, 37, '2024-06-16 17:20:54', '2024-06-16 17:20:54'),
(809, 203, 3, 42, '2024-06-16 17:20:54', '2024-06-16 17:20:54'),
(810, 203, 2, 18, '2024-06-16 17:20:54', '2024-06-16 17:20:54'),
(811, 203, 1, 46, '2024-06-16 17:20:54', '2024-06-16 17:20:54'),
(812, 203, 4, 99, '2024-06-16 17:20:54', '2024-06-16 17:20:54'),
(813, 204, 3, 14, '2024-06-16 17:20:54', '2024-06-16 17:20:54'),
(814, 204, 2, 16, '2024-06-16 17:20:54', '2024-06-16 17:20:54'),
(815, 204, 1, 44, '2024-06-16 17:20:54', '2024-06-16 17:20:54'),
(816, 204, 4, 16, '2024-06-16 17:20:54', '2024-06-16 17:20:54'),
(817, 205, 3, 26, '2024-06-16 17:20:54', '2024-06-16 17:20:54'),
(818, 205, 2, 12, '2024-06-16 17:20:54', '2024-06-16 17:20:54'),
(819, 205, 1, 25, '2024-06-16 17:20:54', '2024-06-16 17:20:54'),
(820, 205, 4, 88, '2024-06-16 17:20:54', '2024-06-16 17:20:54'),
(821, 206, 3, 39, '2024-06-16 17:20:54', '2024-06-16 17:20:54'),
(822, 206, 2, 1, '2024-06-16 17:20:54', '2024-06-16 17:20:54'),
(823, 206, 1, 8, '2024-06-16 17:20:54', '2024-06-16 17:20:54'),
(824, 206, 4, 94, '2024-06-16 17:20:54', '2024-06-16 17:20:54'),
(825, 207, 3, 10, '2024-06-16 17:20:54', '2024-06-16 17:20:54'),
(826, 207, 2, 17, '2024-06-16 17:20:54', '2024-06-16 17:20:54'),
(827, 207, 1, 43, '2024-06-16 17:20:54', '2024-06-16 17:20:54'),
(828, 207, 4, 51, '2024-06-16 17:20:54', '2024-06-16 17:20:54'),
(829, 208, 3, 10, '2024-06-16 17:20:54', '2024-06-16 17:20:54'),
(830, 208, 2, 15, '2024-06-16 17:20:54', '2024-06-16 17:20:54'),
(831, 208, 1, 48, '2024-06-16 17:20:54', '2024-06-16 17:20:54'),
(832, 208, 4, 4, '2024-06-16 17:20:54', '2024-06-16 17:20:54'),
(833, 209, 3, 5, '2024-06-16 17:20:54', '2024-06-16 17:20:54'),
(834, 209, 2, 15, '2024-06-16 17:20:54', '2024-06-16 17:20:54'),
(835, 209, 1, 24, '2024-06-16 17:20:54', '2024-06-16 17:20:54'),
(836, 209, 4, 66, '2024-06-16 17:20:54', '2024-06-16 17:20:54'),
(837, 210, 3, 39, '2024-06-16 17:20:54', '2024-06-16 17:20:54'),
(838, 210, 2, 15, '2024-06-16 17:20:54', '2024-06-16 17:20:54'),
(839, 210, 1, 47, '2024-06-16 17:20:54', '2024-06-16 17:20:54'),
(840, 210, 4, 99, '2024-06-16 17:20:54', '2024-06-16 17:20:54'),
(841, 211, 3, 33, '2024-06-16 17:20:54', '2024-06-16 17:20:54'),
(842, 211, 2, 8, '2024-06-16 17:20:54', '2024-06-16 17:20:54'),
(843, 211, 1, 42, '2024-06-16 17:20:54', '2024-06-16 17:20:54'),
(844, 211, 4, 65, '2024-06-16 17:20:54', '2024-06-16 17:20:54'),
(845, 212, 3, 34, '2024-06-16 17:20:54', '2024-06-16 17:20:54'),
(846, 212, 2, 11, '2024-06-16 17:20:54', '2024-06-16 17:20:54'),
(847, 212, 1, 46, '2024-06-16 17:20:54', '2024-06-16 17:20:54'),
(848, 212, 4, 56, '2024-06-16 17:20:54', '2024-06-16 17:20:54'),
(849, 213, 3, 9, '2024-06-16 17:20:54', '2024-06-16 17:20:54'),
(850, 213, 2, 11, '2024-06-16 17:20:54', '2024-06-16 17:20:54'),
(851, 213, 1, 48, '2024-06-16 17:20:54', '2024-06-16 17:20:54'),
(852, 213, 4, 8, '2024-06-16 17:20:54', '2024-06-16 17:20:54'),
(853, 214, 3, 3, '2024-06-16 17:20:54', '2024-06-16 17:20:54'),
(854, 214, 2, 14, '2024-06-16 17:20:54', '2024-06-16 17:20:54'),
(855, 214, 1, 42, '2024-06-16 17:20:54', '2024-06-16 17:20:54'),
(856, 214, 4, 33, '2024-06-16 17:20:54', '2024-06-16 17:20:54'),
(857, 215, 3, 11, '2024-06-16 17:20:54', '2024-06-16 17:20:54'),
(858, 215, 2, 3, '2024-06-16 17:20:54', '2024-06-16 17:20:54'),
(859, 215, 1, 2, '2024-06-16 17:20:54', '2024-06-16 17:20:54'),
(860, 215, 4, 47, '2024-06-16 17:20:54', '2024-06-16 17:20:54'),
(861, 216, 3, 3, '2024-06-16 17:20:54', '2024-06-16 17:20:54'),
(862, 216, 2, 6, '2024-06-16 17:20:54', '2024-06-16 17:20:54'),
(863, 216, 1, 44, '2024-06-16 17:20:54', '2024-06-16 17:20:54'),
(864, 216, 4, 41, '2024-06-16 17:20:54', '2024-06-16 17:20:54'),
(865, 217, 3, 8, '2024-06-16 17:20:54', '2024-06-16 17:20:54'),
(866, 217, 2, 17, '2024-06-16 17:20:54', '2024-06-16 17:20:54'),
(867, 217, 1, 49, '2024-06-16 17:20:54', '2024-06-16 17:20:54'),
(868, 217, 4, 88, '2024-06-16 17:20:54', '2024-06-16 17:20:54'),
(869, 218, 3, 43, '2024-06-16 17:20:54', '2024-06-16 17:20:54'),
(870, 218, 2, 6, '2024-06-16 17:20:54', '2024-06-16 17:20:54'),
(871, 218, 1, 8, '2024-06-16 17:20:54', '2024-06-16 17:20:54'),
(872, 218, 4, 14, '2024-06-16 17:20:54', '2024-06-16 17:20:54'),
(873, 219, 3, 33, '2024-06-16 17:20:54', '2024-06-16 17:20:54'),
(874, 219, 2, 9, '2024-06-16 17:20:54', '2024-06-16 17:20:54'),
(875, 219, 1, 12, '2024-06-16 17:20:54', '2024-06-16 17:20:54'),
(876, 219, 4, 51, '2024-06-16 17:20:54', '2024-06-16 17:20:54'),
(877, 220, 3, 7, '2024-06-16 17:20:54', '2024-06-16 17:20:54'),
(878, 220, 2, 20, '2024-06-16 17:20:54', '2024-06-16 17:20:54'),
(879, 220, 1, 49, '2024-06-16 17:20:54', '2024-06-16 17:20:54'),
(880, 220, 4, 51, '2024-06-16 17:20:54', '2024-06-16 17:20:54'),
(881, 221, 3, 7, '2024-06-16 17:20:54', '2024-06-16 17:20:54'),
(882, 221, 2, 8, '2024-06-16 17:20:54', '2024-06-16 17:20:54'),
(883, 221, 1, 4, '2024-06-16 17:20:54', '2024-06-16 17:20:54'),
(884, 221, 4, 55, '2024-06-16 17:20:54', '2024-06-16 17:20:54'),
(885, 222, 3, 38, '2024-06-16 17:20:54', '2024-06-16 17:20:54'),
(886, 222, 2, 2, '2024-06-16 17:20:54', '2024-06-16 17:20:54'),
(887, 222, 1, 41, '2024-06-16 17:20:54', '2024-06-16 17:20:54'),
(888, 222, 4, 24, '2024-06-16 17:20:54', '2024-06-16 17:20:54'),
(889, 223, 3, 2, '2024-06-16 17:20:54', '2024-06-16 17:20:54'),
(890, 223, 2, 2, '2024-06-16 17:20:54', '2024-06-16 17:20:54'),
(891, 223, 1, 13, '2024-06-16 17:20:54', '2024-06-16 17:20:54'),
(892, 223, 4, 53, '2024-06-16 17:20:54', '2024-06-16 17:20:54'),
(893, 224, 3, 25, '2024-06-16 17:20:54', '2024-06-16 17:20:54'),
(894, 224, 2, 1, '2024-06-16 17:20:54', '2024-06-16 17:20:54'),
(895, 224, 1, 3, '2024-06-16 17:20:54', '2024-06-16 17:20:54'),
(896, 224, 4, 45, '2024-06-16 17:20:54', '2024-06-16 17:20:54'),
(897, 225, 3, 1, '2024-06-16 17:20:54', '2024-06-16 17:20:54'),
(898, 225, 2, 15, '2024-06-16 17:20:54', '2024-06-16 17:20:54'),
(899, 225, 1, 9, '2024-06-16 17:20:54', '2024-06-16 17:20:54'),
(900, 225, 4, 21, '2024-06-16 17:20:54', '2024-06-16 17:20:54'),
(901, 226, 3, 16, '2024-06-16 17:20:54', '2024-06-16 17:20:54'),
(902, 226, 2, 11, '2024-06-16 17:20:54', '2024-06-16 17:20:54'),
(903, 226, 1, 12, '2024-06-16 17:20:54', '2024-06-16 17:20:54'),
(904, 226, 4, 60, '2024-06-16 17:20:54', '2024-06-16 17:20:54'),
(905, 227, 3, 8, '2024-06-16 17:20:54', '2024-06-16 17:20:54'),
(906, 227, 2, 5, '2024-06-16 17:20:54', '2024-06-16 17:20:54'),
(907, 227, 1, 1, '2024-06-16 17:20:54', '2024-06-16 17:20:54'),
(908, 227, 4, 52, '2024-06-16 17:20:54', '2024-06-16 17:20:54'),
(909, 228, 3, 35, '2024-06-16 17:20:54', '2024-06-16 17:20:54'),
(910, 228, 2, 17, '2024-06-16 17:20:54', '2024-06-16 17:20:54'),
(911, 228, 1, 13, '2024-06-16 17:20:54', '2024-06-16 17:20:54'),
(912, 228, 4, 66, '2024-06-16 17:20:54', '2024-06-16 17:20:54'),
(913, 229, 3, 43, '2024-06-16 17:20:54', '2024-06-16 17:20:54'),
(914, 229, 2, 19, '2024-06-16 17:20:54', '2024-06-16 17:20:54'),
(915, 229, 1, 3, '2024-06-16 17:20:54', '2024-06-16 17:20:54'),
(916, 229, 4, 71, '2024-06-16 17:20:54', '2024-06-16 17:20:54'),
(917, 230, 3, 6, '2024-06-16 17:20:54', '2024-06-16 17:20:54'),
(918, 230, 2, 6, '2024-06-16 17:20:54', '2024-06-16 17:20:54'),
(919, 230, 1, 43, '2024-06-16 17:20:54', '2024-06-16 17:20:54'),
(920, 230, 4, 15, '2024-06-16 17:20:54', '2024-06-16 17:20:54'),
(921, 231, 3, 33, '2024-06-16 17:20:54', '2024-06-16 17:20:54'),
(922, 231, 2, 9, '2024-06-16 17:20:54', '2024-06-16 17:20:54'),
(923, 231, 1, 15, '2024-06-16 17:20:54', '2024-06-16 17:20:54'),
(924, 231, 4, 80, '2024-06-16 17:20:54', '2024-06-16 17:20:54'),
(925, 232, 3, 28, '2024-06-16 17:20:54', '2024-06-16 17:20:54'),
(926, 232, 2, 18, '2024-06-16 17:20:54', '2024-06-16 17:20:54'),
(927, 232, 1, 31, '2024-06-16 17:20:54', '2024-06-16 17:20:54'),
(928, 232, 4, 67, '2024-06-16 17:20:54', '2024-06-16 17:20:54'),
(929, 233, 3, 12, '2024-06-16 17:20:54', '2024-06-16 17:20:54'),
(930, 233, 2, 3, '2024-06-16 17:20:54', '2024-06-16 17:20:54'),
(931, 233, 1, 13, '2024-06-16 17:20:54', '2024-06-16 17:20:54'),
(932, 233, 4, 88, '2024-06-16 17:20:54', '2024-06-16 17:20:54'),
(933, 234, 3, 21, '2024-06-16 17:20:54', '2024-06-16 17:20:54'),
(934, 234, 2, 0, '2024-06-16 17:20:54', '2024-06-16 17:20:54'),
(935, 234, 1, 37, '2024-06-16 17:20:54', '2024-06-16 17:20:54'),
(936, 234, 4, 5, '2024-06-16 17:20:54', '2024-06-16 17:20:54'),
(937, 235, 3, 16, '2024-06-16 17:20:54', '2024-06-16 17:20:54'),
(938, 235, 2, 19, '2024-06-16 17:20:54', '2024-06-16 17:20:54'),
(939, 235, 1, 41, '2024-06-16 17:20:54', '2024-06-16 17:20:54'),
(940, 235, 4, 93, '2024-06-16 17:20:54', '2024-06-16 17:20:54'),
(941, 236, 3, 19, '2024-06-16 17:20:54', '2024-06-16 17:20:54'),
(942, 236, 2, 9, '2024-06-16 17:20:54', '2024-06-16 17:20:54'),
(943, 236, 1, 23, '2024-06-16 17:20:54', '2024-06-16 17:20:54'),
(944, 236, 4, 24, '2024-06-16 17:20:54', '2024-06-16 17:20:54'),
(945, 237, 3, 32, '2024-06-16 17:20:54', '2024-06-16 17:20:54'),
(946, 237, 2, 12, '2024-06-16 17:20:54', '2024-06-16 17:20:54'),
(947, 237, 1, 4, '2024-06-16 17:20:54', '2024-06-16 17:20:54'),
(948, 237, 4, 45, '2024-06-16 17:20:54', '2024-06-16 17:20:54'),
(949, 238, 3, 10, '2024-06-16 17:20:54', '2024-06-16 17:20:54'),
(950, 238, 2, 16, '2024-06-16 17:20:54', '2024-06-16 17:20:54'),
(951, 238, 1, 9, '2024-06-16 17:20:54', '2024-06-16 17:20:54'),
(952, 238, 4, 95, '2024-06-16 17:20:54', '2024-06-16 17:20:54'),
(953, 239, 3, 14, '2024-06-16 17:20:54', '2024-06-16 17:20:54'),
(954, 239, 2, 12, '2024-06-16 17:20:54', '2024-06-16 17:20:54'),
(955, 239, 1, 10, '2024-06-16 17:20:54', '2024-06-16 17:20:54'),
(956, 239, 4, 43, '2024-06-16 17:20:54', '2024-06-16 17:20:54'),
(957, 240, 3, 7, '2024-06-16 17:20:54', '2024-06-16 17:20:54'),
(958, 240, 2, 12, '2024-06-16 17:20:54', '2024-06-16 17:20:54'),
(959, 240, 1, 0, '2024-06-16 17:20:54', '2024-06-16 17:20:54'),
(960, 240, 4, 34, '2024-06-16 17:20:54', '2024-06-16 17:20:54');

-- --------------------------------------------------------

--
-- Table structure for table `grade_items`
--

CREATE TABLE `grade_items` (
  `id` bigint UNSIGNED NOT NULL,
  `name` varchar(255) COLLATE utf8mb4_unicode_ci NOT NULL,
  `max_degree` int NOT NULL,
  `created_at` timestamp NULL DEFAULT NULL,
  `updated_at` timestamp NULL DEFAULT NULL
) ENGINE=InnoDB DEFAULT CHARSET=utf8mb4 COLLATE=utf8mb4_unicode_ci;

--
-- Dumping data for table `grade_items`
--

INSERT INTO `grade_items` (`id`, `name`, `max_degree`, `created_at`, `updated_at`) VALUES
(1, 'practice exam', 50, NULL, NULL),
(2, 'oral exam', 20, NULL, NULL),
(3, 'midterm exam', 50, NULL, NULL),
(4, 'final exam', 100, NULL, NULL);

-- --------------------------------------------------------

--
-- Table structure for table `levels`
--

CREATE TABLE `levels` (
  `id` bigint UNSIGNED NOT NULL,
  `name` varchar(20) COLLATE utf8mb4_unicode_ci NOT NULL,
  `number` tinyint UNSIGNED NOT NULL,
  `description` text COLLATE utf8mb4_unicode_ci,
  `created_at` timestamp NULL DEFAULT NULL,
  `updated_at` timestamp NULL DEFAULT NULL
) ENGINE=InnoDB DEFAULT CHARSET=utf8mb4 COLLATE=utf8mb4_unicode_ci;

--
-- Dumping data for table `levels`
--

INSERT INTO `levels` (`id`, `name`, `number`, `description`, `created_at`, `updated_at`) VALUES
(1, 'Level 1', 1, 'First Level', NULL, NULL),
(2, 'Level 2', 2, 'Second Level', NULL, NULL),
(3, 'Level 3', 3, 'Third Level', NULL, NULL),
(4, 'Level 4', 4, 'Fourth Level', NULL, NULL);

-- --------------------------------------------------------

--
-- Table structure for table `migrations`
--

CREATE TABLE `migrations` (
  `id` int UNSIGNED NOT NULL,
  `migration` varchar(255) COLLATE utf8mb4_unicode_ci NOT NULL,
  `batch` int NOT NULL
) ENGINE=InnoDB DEFAULT CHARSET=utf8mb4 COLLATE=utf8mb4_unicode_ci;

--
-- Dumping data for table `migrations`
--

INSERT INTO `migrations` (`id`, `migration`, `batch`) VALUES
(1, '2014_10_12_000000_create_users_table', 1),
(2, '2014_10_12_100000_create_password_reset_tokens_table', 1),
(3, '2019_08_19_000000_create_failed_jobs_table', 1),
(4, '2019_12_14_000001_create_personal_access_tokens_table', 1),
(5, '2024_06_12_104931_create_levels_table', 1),
(6, '2024_06_12_104932_create_courses_table', 1),
(7, '2024_06_12_104932_create_students_table', 1),
(8, '2024_06_12_104933_create_grade_items_table', 1),
(9, '2024_06_12_104934_create_enrollments_table', 1),
(10, '2024_06_12_104935_create_grades_table', 1);

-- --------------------------------------------------------

--
-- Table structure for table `password_reset_tokens`
--

CREATE TABLE `password_reset_tokens` (
  `email` varchar(255) COLLATE utf8mb4_unicode_ci NOT NULL,
  `token` varchar(255) COLLATE utf8mb4_unicode_ci NOT NULL,
  `created_at` timestamp NULL DEFAULT NULL
) ENGINE=InnoDB DEFAULT CHARSET=utf8mb4 COLLATE=utf8mb4_unicode_ci;

-- --------------------------------------------------------

--
-- Table structure for table `personal_access_tokens`
--

CREATE TABLE `personal_access_tokens` (
  `id` bigint UNSIGNED NOT NULL,
  `tokenable_type` varchar(255) COLLATE utf8mb4_unicode_ci NOT NULL,
  `tokenable_id` bigint UNSIGNED NOT NULL,
  `name` varchar(255) COLLATE utf8mb4_unicode_ci NOT NULL,
  `token` varchar(64) COLLATE utf8mb4_unicode_ci NOT NULL,
  `abilities` text COLLATE utf8mb4_unicode_ci,
  `last_used_at` timestamp NULL DEFAULT NULL,
  `expires_at` timestamp NULL DEFAULT NULL,
  `created_at` timestamp NULL DEFAULT NULL,
  `updated_at` timestamp NULL DEFAULT NULL
) ENGINE=InnoDB DEFAULT CHARSET=utf8mb4 COLLATE=utf8mb4_unicode_ci;

-- --------------------------------------------------------

--
-- Table structure for table `students`
--

CREATE TABLE `students` (
  `id` bigint UNSIGNED NOT NULL,
  `full_name` varchar(100) COLLATE utf8mb4_unicode_ci NOT NULL,
  `code` varchar(20) COLLATE utf8mb4_unicode_ci NOT NULL,
  `date_of_birth` date NOT NULL,
  `email` varchar(255) COLLATE utf8mb4_unicode_ci NOT NULL,
  `level_id` bigint UNSIGNED NOT NULL,
  `created_at` timestamp NULL DEFAULT NULL,
  `updated_at` timestamp NULL DEFAULT NULL
) ENGINE=InnoDB DEFAULT CHARSET=utf8mb4 COLLATE=utf8mb4_unicode_ci;

--
-- Dumping data for table `students`
--

INSERT INTO `students` (`id`, `full_name`, `code`, `date_of_birth`, `email`, `level_id`, `created_at`, `updated_at`) VALUES
(1, 'Dr. Marvin Willms V', '27395707', '2004-03-20', 'paige.skiles@yahoo.com', 4, '2024-06-16 17:20:52', '2024-06-16 17:20:52'),
(2, 'Tanner Harvey', '21338618', '2011-09-28', 'reilly.jared@gmail.com', 3, '2024-06-16 17:20:52', '2024-06-16 17:20:52'),
(3, 'Judah Johns', '62713078', '1977-07-15', 'cheyanne23@watsica.com', 4, '2024-06-16 17:20:52', '2024-06-16 17:20:52'),
(4, 'Reese Connelly', '55140621', '1973-05-12', 'wuckert.lula@hotmail.com', 3, '2024-06-16 17:20:52', '2024-06-16 17:20:52'),
(5, 'Nia Haley', '19207353', '2020-02-19', 'considine.virgil@heaney.com', 2, '2024-06-16 17:20:52', '2024-06-16 17:20:52'),
(6, 'Dr. Erik Wiza MD', '79365017', '2004-08-05', 'jvandervort@kovacek.com', 2, '2024-06-16 17:20:52', '2024-06-16 17:20:52'),
(7, 'Juliana Morar', '59407621', '1995-06-09', 'spencer.kris@gmail.com', 4, '2024-06-16 17:20:52', '2024-06-16 17:20:52'),
(8, 'Dee Balistreri', '83547935', '2003-04-11', 'cordie15@gmail.com', 2, '2024-06-16 17:20:52', '2024-06-16 17:20:52'),
(9, 'Carmel Jakubowski', '98494583', '1993-07-26', 'leannon.sidney@wiza.biz', 4, '2024-06-16 17:20:52', '2024-06-16 17:20:52'),
(10, 'Elna Wuckert', '58102770', '2009-06-19', 'jared72@gmail.com', 2, '2024-06-16 17:20:52', '2024-06-16 17:20:52'),
(11, 'Clara Feil', '20358501', '2008-02-06', 'margie90@wolf.com', 2, '2024-06-16 17:20:52', '2024-06-16 17:20:52'),
(12, 'Dr. Miguel Hill', '51419158', '2023-02-12', 'edmund00@wolff.org', 1, '2024-06-16 17:20:52', '2024-06-16 17:20:52'),
(13, 'Neoma Padberg', '00348058', '2018-12-17', 'jsporer@hotmail.com', 2, '2024-06-16 17:20:52', '2024-06-16 17:20:52'),
(14, 'Tristin Schuster', '39114501', '2012-05-27', 'jose.murazik@yahoo.com', 3, '2024-06-16 17:20:52', '2024-06-16 17:20:52'),
(15, 'Emmalee Trantow DVM', '36511013', '1974-09-15', 'markus.volkman@nicolas.com', 4, '2024-06-16 17:20:52', '2024-06-16 17:20:52'),
(16, 'Imelda Will', '64282701', '1999-03-06', 'yolanda70@damore.com', 1, '2024-06-16 17:20:52', '2024-06-16 17:20:52'),
(17, 'Prof. Nigel Ullrich II', '88446615', '1975-02-21', 'bterry@dickens.com', 2, '2024-06-16 17:20:52', '2024-06-16 17:20:52'),
(18, 'Era Rosenbaum', '20040758', '1971-06-16', 'judd87@gmail.com', 4, '2024-06-16 17:20:52', '2024-06-16 17:20:52'),
(19, 'Mack Torp', '02864860', '2008-05-23', 'darrell.considine@swift.info', 2, '2024-06-16 17:20:52', '2024-06-16 17:20:52'),
(20, 'Earnestine Fritsch', '59332640', '2003-08-08', 'torphy.drew@littel.com', 2, '2024-06-16 17:20:52', '2024-06-16 17:20:52'),
(21, 'Liam Lang', '30649811', '1977-01-21', 'torphy.quentin@yahoo.com', 3, '2024-06-16 17:20:52', '2024-06-16 17:20:52'),
(22, 'Humberto Torp', '51761790', '2019-10-07', 'schumm.jakob@gmail.com', 3, '2024-06-16 17:20:52', '2024-06-16 17:20:52'),
(23, 'Donnell Schneider', '15267351', '1976-05-05', 'bprice@hotmail.com', 2, '2024-06-16 17:20:52', '2024-06-16 17:20:52'),
(24, 'Lilliana Jacobi', '15692023', '1983-05-20', 'schamberger.mia@gmail.com', 2, '2024-06-16 17:20:52', '2024-06-16 17:20:52'),
(25, 'Bulah Pollich', '46368638', '2015-01-03', 'douglas.glover@gmail.com', 3, '2024-06-16 17:20:52', '2024-06-16 17:20:52'),
(26, 'Prof. Nelson Paucek', '66766148', '1999-07-15', 'telly.metz@deckow.net', 4, '2024-06-16 17:20:52', '2024-06-16 17:20:52'),
(27, 'Andrew Gislason', '98671793', '2002-05-04', 'crist.guido@frami.info', 1, '2024-06-16 17:20:52', '2024-06-16 17:20:52'),
(28, 'Leon Anderson V', '63291339', '2016-10-25', 'estrella.leffler@hotmail.com', 3, '2024-06-16 17:20:52', '2024-06-16 17:20:52'),
(29, 'Kristin Howe', '11821977', '1996-01-09', 'ehomenick@haley.com', 3, '2024-06-16 17:20:52', '2024-06-16 17:20:52'),
(30, 'Michelle Lesch', '85137912', '2009-02-11', 'deckow.augustus@gmail.com', 1, '2024-06-16 17:20:52', '2024-06-16 17:20:52'),
(31, 'Denis Sporer Jr.', '36116133', '1995-04-19', 'roberts.tess@gottlieb.com', 1, '2024-06-16 17:20:52', '2024-06-16 17:20:52'),
(32, 'Billie Sauer', '68110925', '1988-01-02', 'cassin.jaclyn@lind.org', 1, '2024-06-16 17:20:52', '2024-06-16 17:20:52'),
(33, 'Nicole Aufderhar', '44796990', '1975-11-11', 'bashirian.javonte@yahoo.com', 2, '2024-06-16 17:20:52', '2024-06-16 17:20:52'),
(34, 'Dayana Block', '42257783', '2001-12-06', 'ufunk@doyle.com', 1, '2024-06-16 17:20:52', '2024-06-16 17:20:52'),
(35, 'Mr. Mac Marvin', '93415095', '2015-05-17', 'casimer.effertz@hotmail.com', 3, '2024-06-16 17:20:52', '2024-06-16 17:20:52'),
(36, 'Lexi Okuneva I', '88471600', '1979-07-04', 'jake84@yahoo.com', 1, '2024-06-16 17:20:52', '2024-06-16 17:20:52'),
(37, 'Dr. Okey Bechtelar PhD', '98153091', '1976-10-31', 'cristian05@hotmail.com', 3, '2024-06-16 17:20:52', '2024-06-16 17:20:52'),
(38, 'Ms. Hailee Schaden', '39709943', '2000-01-13', 'kiera.denesik@gmail.com', 4, '2024-06-16 17:20:52', '2024-06-16 17:20:52'),
(39, 'Eva Jacobi', '73626442', '1986-01-31', 'wmedhurst@swaniawski.info', 4, '2024-06-16 17:20:52', '2024-06-16 17:20:52'),
(40, 'Mrs. Willie Crist Sr.', '09730687', '2005-07-02', 'mcdermott.marvin@hotmail.com', 3, '2024-06-16 17:20:52', '2024-06-16 17:20:52');

-- --------------------------------------------------------

--
-- Table structure for table `users`
--

CREATE TABLE `users` (
  `id` bigint UNSIGNED NOT NULL,
  `name` varchar(255) COLLATE utf8mb4_unicode_ci NOT NULL,
  `email` varchar(255) COLLATE utf8mb4_unicode_ci NOT NULL,
  `email_verified_at` timestamp NULL DEFAULT NULL,
  `password` varchar(255) COLLATE utf8mb4_unicode_ci NOT NULL,
  `remember_token` varchar(100) COLLATE utf8mb4_unicode_ci DEFAULT NULL,
  `created_at` timestamp NULL DEFAULT NULL,
  `updated_at` timestamp NULL DEFAULT NULL
) ENGINE=InnoDB DEFAULT CHARSET=utf8mb4 COLLATE=utf8mb4_unicode_ci;

--
-- Dumping data for table `users`
--

INSERT INTO `users` (`id`, `name`, `email`, `email_verified_at`, `password`, `remember_token`, `created_at`, `updated_at`) VALUES
(1, 'Test User', 'user@gmail.com', '2024-06-16 18:08:13', '$2y$12$AxGjq1TMqmWqeFYv5xicpuNcMvFg8IHwzU1t1MNTEwA75I7qUyqTi', 'UiqyUn6KIe', '2024-06-16 18:08:13', '2024-06-16 18:08:13');

--
-- Indexes for dumped tables
--

--
-- Indexes for table `courses`
--
ALTER TABLE `courses`
  ADD PRIMARY KEY (`id`),
  ADD UNIQUE KEY `courses_code_unique` (`code`);

--
-- Indexes for table `enrollments`
--
ALTER TABLE `enrollments`
  ADD PRIMARY KEY (`id`),
  ADD KEY `enrollments_student_id_index` (`student_id`),
  ADD KEY `enrollments_course_id_index` (`course_id`);

--
-- Indexes for table `failed_jobs`
--
ALTER TABLE `failed_jobs`
  ADD PRIMARY KEY (`id`),
  ADD UNIQUE KEY `failed_jobs_uuid_unique` (`uuid`);

--
-- Indexes for table `grades`
--
ALTER TABLE `grades`
  ADD PRIMARY KEY (`id`),
  ADD KEY `grades_enrollment_id_foreign` (`enrollment_id`),
  ADD KEY `grades_grade_item_id_foreign` (`grade_item_id`);

--
-- Indexes for table `grade_items`
--
ALTER TABLE `grade_items`
  ADD PRIMARY KEY (`id`);

--
-- Indexes for table `levels`
--
ALTER TABLE `levels`
  ADD PRIMARY KEY (`id`),
  ADD UNIQUE KEY `levels_number_unique` (`number`);

--
-- Indexes for table `migrations`
--
ALTER TABLE `migrations`
  ADD PRIMARY KEY (`id`);

--
-- Indexes for table `password_reset_tokens`
--
ALTER TABLE `password_reset_tokens`
  ADD PRIMARY KEY (`email`);

--
-- Indexes for table `personal_access_tokens`
--
ALTER TABLE `personal_access_tokens`
  ADD PRIMARY KEY (`id`),
  ADD UNIQUE KEY `personal_access_tokens_token_unique` (`token`),
  ADD KEY `personal_access_tokens_tokenable_type_tokenable_id_index` (`tokenable_type`,`tokenable_id`);

--
-- Indexes for table `students`
--
ALTER TABLE `students`
  ADD PRIMARY KEY (`id`),
  ADD UNIQUE KEY `students_code_unique` (`code`),
  ADD UNIQUE KEY `students_email_unique` (`email`),
  ADD KEY `students_level_id_index` (`level_id`);

--
-- Indexes for table `users`
--
ALTER TABLE `users`
  ADD PRIMARY KEY (`id`),
  ADD UNIQUE KEY `users_email_unique` (`email`);

--
-- AUTO_INCREMENT for dumped tables
--

--
-- AUTO_INCREMENT for table `courses`
--
ALTER TABLE `courses`
  MODIFY `id` bigint UNSIGNED NOT NULL AUTO_INCREMENT, AUTO_INCREMENT=31;

--
-- AUTO_INCREMENT for table `enrollments`
--
ALTER TABLE `enrollments`
  MODIFY `id` bigint UNSIGNED NOT NULL AUTO_INCREMENT, AUTO_INCREMENT=241;

--
-- AUTO_INCREMENT for table `failed_jobs`
--
ALTER TABLE `failed_jobs`
  MODIFY `id` bigint UNSIGNED NOT NULL AUTO_INCREMENT;

--
-- AUTO_INCREMENT for table `grades`
--
ALTER TABLE `grades`
  MODIFY `id` bigint UNSIGNED NOT NULL AUTO_INCREMENT, AUTO_INCREMENT=961;

--
-- AUTO_INCREMENT for table `grade_items`
--
ALTER TABLE `grade_items`
  MODIFY `id` bigint UNSIGNED NOT NULL AUTO_INCREMENT, AUTO_INCREMENT=5;

--
-- AUTO_INCREMENT for table `levels`
--
ALTER TABLE `levels`
  MODIFY `id` bigint UNSIGNED NOT NULL AUTO_INCREMENT, AUTO_INCREMENT=5;

--
-- AUTO_INCREMENT for table `migrations`
--
ALTER TABLE `migrations`
  MODIFY `id` int UNSIGNED NOT NULL AUTO_INCREMENT, AUTO_INCREMENT=11;

--
-- AUTO_INCREMENT for table `personal_access_tokens`
--
ALTER TABLE `personal_access_tokens`
  MODIFY `id` bigint UNSIGNED NOT NULL AUTO_INCREMENT;

--
-- AUTO_INCREMENT for table `students`
--
ALTER TABLE `students`
  MODIFY `id` bigint UNSIGNED NOT NULL AUTO_INCREMENT, AUTO_INCREMENT=41;

--
-- AUTO_INCREMENT for table `users`
--
ALTER TABLE `users`
  MODIFY `id` bigint UNSIGNED NOT NULL AUTO_INCREMENT, AUTO_INCREMENT=2;

--
-- Constraints for dumped tables
--

--
-- Constraints for table `enrollments`
--
ALTER TABLE `enrollments`
  ADD CONSTRAINT `enrollments_course_id_foreign` FOREIGN KEY (`course_id`) REFERENCES `courses` (`id`) ON DELETE CASCADE ON UPDATE CASCADE,
  ADD CONSTRAINT `enrollments_student_id_foreign` FOREIGN KEY (`student_id`) REFERENCES `students` (`id`) ON DELETE CASCADE ON UPDATE CASCADE;

--
-- Constraints for table `grades`
--
ALTER TABLE `grades`
  ADD CONSTRAINT `grades_enrollment_id_foreign` FOREIGN KEY (`enrollment_id`) REFERENCES `enrollments` (`id`) ON DELETE CASCADE ON UPDATE CASCADE,
  ADD CONSTRAINT `grades_grade_item_id_foreign` FOREIGN KEY (`grade_item_id`) REFERENCES `grade_items` (`id`) ON DELETE CASCADE ON UPDATE CASCADE;

--
-- Constraints for table `students`
--
ALTER TABLE `students`
  ADD CONSTRAINT `students_level_id_foreign` FOREIGN KEY (`level_id`) REFERENCES `levels` (`id`) ON DELETE RESTRICT ON UPDATE CASCADE;
COMMIT;

/*!40101 SET CHARACTER_SET_CLIENT=@OLD_CHARACTER_SET_CLIENT */;
/*!40101 SET CHARACTER_SET_RESULTS=@OLD_CHARACTER_SET_RESULTS */;
/*!40101 SET COLLATION_CONNECTION=@OLD_COLLATION_CONNECTION */;
